2026-05-14 21:43:18 -  - exec CUpdateClient::GetUpdatesList
2026-05-14 21:43:18 -  - exec CUpdateClient::CollectRequestData
2026-05-14 21:43:18 -  - LICENSE_KEY=X&lang=ru&SUPD_VER=25.1100.0&VERSION=26.150.0&TYPENC=D&SUPD_STS=1&SUPD_URS=0&SUPD_DBS=MYSQL&XE=N&CLIENT_SITE=konkurs.loc&SERVER_NAME=&CHHB=e-board.loc&CSAB=192.168.107.4&SUID=yew6nqfvuk1kupmhrw03vm6jrimivago&CANGZIP=Y&CLIENT_PHPVER=8.4.21&stable=Y&mbfo=0&NGINX=Y&SMD=N&rerere=Y&bitm_main=26.150.0&bitm_vote=26.0.0&bitm_sale=26.0.0&bitm_ui=26.150.0&bitm_landing=26.200.0&bitm_mobileapp=25.0.100&bitm_form=26.0.0&bitm_perfmon=25.300.0&bitm_calendar=25.170.0&bitm_lists=25.600.100&bitm_highloadblock=25.100.0&bitm_security=25.0.0&bitm_translate=25.100.0&bitm_mail=26.100.200&bitm_location=25.400.0&bitm_learning=25.0.0&bitm_pull=25.300.0&bitm_catalog=25.550.0&bitm_abtest=26.0.0&bitm_socialservices=26.0.0&bitm_sender=26.0.0&bitm_wiki=25.0.0&bitm_bizprocdesigner=26.0.0&bitm_photogallery=25.100.0&bitm_blog=26.400.0&bitm_clouds=25.100.0&bitm_search=25.200.0&bitm_webservice=26.0.0&bitm_iblock=25.300.0&bitm_forum=26.0.0&bitm_subscribe=25.0.0&bitm_idea=25.0.0&bitm_support=26.0.0&bitm_messageservice=25.200.100&bitm_workflow=26.0.0&bitm_conversion=25.0.0&bitm_advertising=24.200.0&bitm_report=25.100.0&bitm_storeassist=24.0.0&bitm_bitrixcloud=25.100.0&bitm_statistic=26.0.0&bitm_seo=25.100.400&bitm_b24connector=25.0.0&bitm_currency=26.0.0&bitm_rest=26.0.0&bitm_fileman=25.200.200&bitm_bizproc=26.200.0&bitl_ru=&bitl_en=&SUPD_SRS=RU&SUPD_CMP=N&SALE_15=Y&LICENSE_SIGNED=%7Enew_license18_0_sign-Y
2026-05-14 21:43:18 -  - exec CUpdateClient::GetHTTPPage
2026-05-14 21:43:20 -  - TIME GetUpdatesList(request) 1.879 sec
2026-05-14 21:43:20 -  - exec CUpdateClient::ParseServerData
2026-05-14 21:43:20 -  - exec CUpdateClient::LoadModulesUpdates
2026-05-14 21:43:20 -  - exec CUpdateClient::CollectRequestData
2026-05-14 21:43:20 -  - LICENSE_KEY=X&lang=ru&SUPD_VER=25.1100.0&VERSION=26.150.0&TYPENC=D&SUPD_STS=1&SUPD_URS=0&SUPD_DBS=MYSQL&XE=N&CLIENT_SITE=konkurs.loc&SERVER_NAME=&CHHB=e-board.loc&CSAB=192.168.107.4&SUID=yew6nqfvuk1kupmhrw03vm6jrimivago&CANGZIP=Y&CLIENT_PHPVER=8.4.21&stable=Y&mbfo=0&NGINX=Y&SMD=N&rerere=Y&bitm_main=26.150.0&bitm_vote=26.0.0&bitm_sale=26.0.0&bitm_ui=26.150.0&bitm_landing=26.200.0&bitm_mobileapp=25.0.100&bitm_form=26.0.0&bitm_perfmon=25.300.0&bitm_calendar=25.170.0&bitm_lists=25.600.100&bitm_highloadblock=25.100.0&bitm_security=25.0.0&bitm_translate=25.100.0&bitm_mail=26.100.200&bitm_location=25.400.0&bitm_learning=25.0.0&bitm_pull=25.300.0&bitm_catalog=25.550.0&bitm_abtest=26.0.0&bitm_socialservices=26.0.0&bitm_sender=26.0.0&bitm_wiki=25.0.0&bitm_bizprocdesigner=26.0.0&bitm_photogallery=25.100.0&bitm_blog=26.400.0&bitm_clouds=25.100.0&bitm_search=25.200.0&bitm_webservice=26.0.0&bitm_iblock=25.300.0&bitm_forum=26.0.0&bitm_subscribe=25.0.0&bitm_idea=25.0.0&bitm_support=26.0.0&bitm_messageservice=25.200.100&bitm_workflow=26.0.0&bitm_conversion=25.0.0&bitm_advertising=24.200.0&bitm_report=25.100.0&bitm_storeassist=24.0.0&bitm_bitrixcloud=25.100.0&bitm_statistic=26.0.0&bitm_seo=25.100.400&bitm_b24connector=25.0.0&bitm_currency=26.0.0&bitm_rest=26.0.0&bitm_fileman=25.200.200&bitm_bizproc=26.200.0&bitl_ru=&bitl_en=&SUPD_SRS=RU&SUPD_CMP=N&SALE_15=Y&LICENSE_SIGNED=%7Enew_license18_0_sign-Y
2026-05-14 21:43:20 -  - exec CUpdateClient::GetHTTPPage
2026-05-14 21:43:22 -  - TIME LoadModulesUpdates(request) 1.634 sec
2026-05-14 21:43:22 -  - exec CUpdateClient::ParseServerData
2026-05-14 21:43:22 - S - STEP
2026-05-14 21:43:22 -  - exec CUpdateClient::LoadModulesUpdates
2026-05-14 21:43:22 -  - exec CUpdateClient::ParseServerData
2026-05-14 21:43:22 -  - loadFile
2026-05-14 21:43:23 - U - RETURN
2026-05-14 21:43:23 -  - exec CUpdateClient::UnGzipArchive
2026-05-14 21:43:23 -  - TIME UnGzipArchive 0.01 sec
2026-05-14 21:43:23 - CSURUS1 - Run updater '/bitrix/updates/update_m1778784203/main/updater26.150.100.php'
2026-05-14 21:43:23 - CRUPDCF1 - Run updater '/bitrix/updates/update_m1778784203/main/updater26.150.100.php': CopyFiles(install/components, components)
2026-05-14 21:43:23 -  - TIME UpdateStepModules 0.008 sec
2026-05-14 21:43:23 - UPD_SUCCESS - Updated: main (26.150.100)<br><li>Исправлена ошибка в форме авторизации панели управления, если не установлен модуль security. <li>Исправлена ошибка проверки прав доступа в компоненте main.mail.confirm. 
2026-05-14 21:43:23 -  - exec CUpdateClient::LoadModulesUpdates
2026-05-14 21:43:23 -  - exec CUpdateClient::CollectRequestData
2026-05-14 21:43:23 -  - LICENSE_KEY=X&lang=ru&SUPD_VER=25.1100.0&VERSION=26.150.100&TYPENC=D&SUPD_STS=1&SUPD_URS=0&SUPD_DBS=MYSQL&XE=N&CLIENT_SITE=konkurs.loc&SERVER_NAME=&CHHB=e-board.loc&CSAB=192.168.107.4&SUID=yew6nqfvuk1kupmhrw03vm6jrimivago&CANGZIP=Y&CLIENT_PHPVER=8.4.21&stable=Y&mbfo=0&NGINX=Y&SMD=N&rerere=Y&bitm_main=26.150.100&bitm_vote=26.0.0&bitm_sale=26.0.0&bitm_ui=26.150.0&bitm_landing=26.200.0&bitm_mobileapp=25.0.100&bitm_form=26.0.0&bitm_perfmon=25.300.0&bitm_calendar=25.170.0&bitm_lists=25.600.100&bitm_highloadblock=25.100.0&bitm_security=25.0.0&bitm_translate=25.100.0&bitm_mail=26.100.200&bitm_location=25.400.0&bitm_learning=25.0.0&bitm_pull=25.300.0&bitm_catalog=25.550.0&bitm_abtest=26.0.0&bitm_socialservices=26.0.0&bitm_sender=26.0.0&bitm_wiki=25.0.0&bitm_bizprocdesigner=26.0.0&bitm_photogallery=25.100.0&bitm_blog=26.400.0&bitm_clouds=25.100.0&bitm_search=25.200.0&bitm_webservice=26.0.0&bitm_iblock=25.300.0&bitm_forum=26.0.0&bitm_subscribe=25.0.0&bitm_idea=25.0.0&bitm_support=26.0.0&bitm_messageservice=25.200.100&bitm_workflow=26.0.0&bitm_conversion=25.0.0&bitm_advertising=24.200.0&bitm_report=25.100.0&bitm_storeassist=24.0.0&bitm_bitrixcloud=25.100.0&bitm_statistic=26.0.0&bitm_seo=25.100.400&bitm_b24connector=25.0.0&bitm_currency=26.0.0&bitm_rest=26.0.0&bitm_fileman=25.200.200&bitm_bizproc=26.200.0&bitl_ru=&bitl_en=&SUPD_SRS=RU&SUPD_CMP=N&SALE_15=Y&LICENSE_SIGNED=%7Enew_license18_0_sign-Y
2026-05-14 21:43:23 -  - exec CUpdateClient::GetHTTPPage
2026-05-14 21:43:25 -  - TIME LoadModulesUpdates(request) 1.749 sec
2026-05-14 21:43:25 -  - exec CUpdateClient::ParseServerData
2026-05-14 21:43:25 - S - STEP
2026-05-14 21:43:25 -  - exec CUpdateClient::LoadModulesUpdates
2026-05-14 21:43:25 -  - exec CUpdateClient::ParseServerData
2026-05-14 21:43:25 -  - loadFile
2026-05-14 21:43:26 - U - RETURN
2026-05-14 21:43:26 -  - exec CUpdateClient::UnGzipArchive
2026-05-14 21:43:26 -  - TIME UnGzipArchive 0.145 sec
2026-05-14 21:43:26 - CSURUS1 - Run updater '/bitrix/updates/update_m1778784206/main/updater26.200.0.php'
2026-05-14 21:43:26 - CRUPDCF1 - Run updater '/bitrix/updates/update_m1778784206/main/updater26.200.0.php': CopyFiles(install/bitrix, )
2026-05-14 21:43:26 - CRUPDCF1 - Run updater '/bitrix/updates/update_m1778784206/main/updater26.200.0.php': CopyFiles(install/components, components)
2026-05-14 21:43:26 - CRUPDCF1 - Run updater '/bitrix/updates/update_m1778784206/main/updater26.200.0.php': CopyFiles(install/js, js)
2026-05-14 21:43:27 -  - TIME UpdateStepModules 0.232 sec
2026-05-14 21:43:27 - UPD_SUCCESS - Updated: main (26.200.0)<br><li>Улучшено управляемое кеширование. 
2026-05-14 21:43:27 -  - exec CUpdateClient::LoadModulesUpdates
2026-05-14 21:43:27 -  - exec CUpdateClient::CollectRequestData
2026-05-14 21:43:27 -  - LICENSE_KEY=X&lang=ru&SUPD_VER=25.1100.0&VERSION=26.200.0&TYPENC=D&SUPD_STS=1&SUPD_URS=0&SUPD_DBS=MYSQL&XE=N&CLIENT_SITE=konkurs.loc&SERVER_NAME=&CHHB=e-board.loc&CSAB=192.168.107.4&SUID=yew6nqfvuk1kupmhrw03vm6jrimivago&CANGZIP=Y&CLIENT_PHPVER=8.4.21&stable=Y&mbfo=0&NGINX=Y&SMD=N&rerere=Y&bitm_main=26.200.0&bitm_vote=26.0.0&bitm_sale=26.0.0&bitm_ui=26.150.0&bitm_landing=26.200.0&bitm_mobileapp=25.0.100&bitm_form=26.0.0&bitm_perfmon=25.300.0&bitm_calendar=25.170.0&bitm_lists=25.600.100&bitm_highloadblock=25.100.0&bitm_security=25.0.0&bitm_translate=25.100.0&bitm_mail=26.100.200&bitm_location=25.400.0&bitm_learning=25.0.0&bitm_pull=25.300.0&bitm_catalog=25.550.0&bitm_abtest=26.0.0&bitm_socialservices=26.0.0&bitm_sender=26.0.0&bitm_wiki=25.0.0&bitm_bizprocdesigner=26.0.0&bitm_photogallery=25.100.0&bitm_blog=26.400.0&bitm_clouds=25.100.0&bitm_search=25.200.0&bitm_webservice=26.0.0&bitm_iblock=25.300.0&bitm_forum=26.0.0&bitm_subscribe=25.0.0&bitm_idea=25.0.0&bitm_support=26.0.0&bitm_messageservice=25.200.100&bitm_workflow=26.0.0&bitm_conversion=25.0.0&bitm_advertising=24.200.0&bitm_report=25.100.0&bitm_storeassist=24.0.0&bitm_bitrixcloud=25.100.0&bitm_statistic=26.0.0&bitm_seo=25.100.400&bitm_b24connector=25.0.0&bitm_currency=26.0.0&bitm_rest=26.0.0&bitm_fileman=25.200.200&bitm_bizproc=26.200.0&bitl_ru=&bitl_en=&SUPD_SRS=RU&SUPD_CMP=N&SALE_15=Y&LICENSE_SIGNED=%7Enew_license18_0_sign-Y
2026-05-14 21:43:27 -  - exec CUpdateClient::GetHTTPPage
2026-05-14 21:43:28 -  - TIME LoadModulesUpdates(request) 1.504 sec
2026-05-14 21:43:28 -  - exec CUpdateClient::ParseServerData
2026-05-14 21:43:28 - S - STEP
2026-05-14 21:43:29 -  - exec CUpdateClient::LoadModulesUpdates
2026-05-14 21:43:29 -  - exec CUpdateClient::ParseServerData
2026-05-14 21:43:29 -  - loadFile
2026-05-14 21:43:29 - U - RETURN
2026-05-14 21:43:29 -  - exec CUpdateClient::UnGzipArchive
2026-05-14 21:43:29 -  - TIME UnGzipArchive 0.01 sec
2026-05-14 21:43:29 -  - TIME UpdateStepModules 0.008 sec
2026-05-14 21:43:29 - UPD_SUCCESS - Updated: forum (26.0.100)<br><li>Исправлена ошибка, из-за которой комментарии бизнес-процесса не отображались после его выполнения для участника процесса. 
2026-05-14 21:43:29 -  - exec CUpdateClient::LoadModulesUpdates
2026-05-14 21:43:29 -  - exec CUpdateClient::CollectRequestData
2026-05-14 21:43:29 -  - LICENSE_KEY=X&lang=ru&SUPD_VER=25.1100.0&VERSION=26.200.0&TYPENC=D&SUPD_STS=1&SUPD_URS=0&SUPD_DBS=MYSQL&XE=N&CLIENT_SITE=konkurs.loc&SERVER_NAME=&CHHB=e-board.loc&CSAB=192.168.107.4&SUID=yew6nqfvuk1kupmhrw03vm6jrimivago&CANGZIP=Y&CLIENT_PHPVER=8.4.21&stable=Y&mbfo=0&NGINX=Y&SMD=N&rerere=Y&bitm_main=26.200.0&bitm_vote=26.0.0&bitm_sale=26.0.0&bitm_ui=26.150.0&bitm_landing=26.200.0&bitm_mobileapp=25.0.100&bitm_form=26.0.0&bitm_perfmon=25.300.0&bitm_calendar=25.170.0&bitm_lists=25.600.100&bitm_highloadblock=25.100.0&bitm_security=25.0.0&bitm_translate=25.100.0&bitm_mail=26.100.200&bitm_location=25.400.0&bitm_learning=25.0.0&bitm_pull=25.300.0&bitm_catalog=25.550.0&bitm_abtest=26.0.0&bitm_socialservices=26.0.0&bitm_sender=26.0.0&bitm_wiki=25.0.0&bitm_bizprocdesigner=26.0.0&bitm_photogallery=25.100.0&bitm_blog=26.400.0&bitm_clouds=25.100.0&bitm_search=25.200.0&bitm_webservice=26.0.0&bitm_iblock=25.300.0&bitm_forum=26.0.100&bitm_subscribe=25.0.0&bitm_idea=25.0.0&bitm_support=26.0.0&bitm_messageservice=25.200.100&bitm_workflow=26.0.0&bitm_conversion=25.0.0&bitm_advertising=24.200.0&bitm_report=25.100.0&bitm_storeassist=24.0.0&bitm_bitrixcloud=25.100.0&bitm_statistic=26.0.0&bitm_seo=25.100.400&bitm_b24connector=25.0.0&bitm_currency=26.0.0&bitm_rest=26.0.0&bitm_fileman=25.200.200&bitm_bizproc=26.200.0&bitl_ru=&bitl_en=&SUPD_SRS=RU&SUPD_CMP=N&SALE_15=Y&LICENSE_SIGNED=%7Enew_license18_0_sign-Y
2026-05-14 21:43:29 -  - exec CUpdateClient::GetHTTPPage
2026-05-14 21:43:31 -  - TIME LoadModulesUpdates(request) 1.575 sec
2026-05-14 21:43:31 -  - exec CUpdateClient::ParseServerData
2026-05-14 21:43:31 - S - STEP
2026-05-14 21:43:31 -  - exec CUpdateClient::LoadModulesUpdates
2026-05-14 21:43:31 -  - exec CUpdateClient::ParseServerData
2026-05-14 21:43:31 -  - loadFile
2026-05-14 21:43:32 - U - RETURN
2026-05-14 21:43:32 -  - exec CUpdateClient::UnGzipArchive
2026-05-14 21:43:32 -  - TIME UnGzipArchive 0.05 sec
2026-05-14 21:43:32 -  - TIME UpdateStepModules 0.032 sec
2026-05-14 21:43:32 - UPD_SUCCESS - Updated: translate (26.0.0)<br><li>Улучшена совместимость с PHP 8.2.
2026-05-14 21:43:32 -  - exec CUpdateClient::LoadModulesUpdates
2026-05-14 21:43:32 -  - exec CUpdateClient::CollectRequestData
2026-05-14 21:43:32 -  - LICENSE_KEY=X&lang=ru&SUPD_VER=25.1100.0&VERSION=26.200.0&TYPENC=D&SUPD_STS=1&SUPD_URS=0&SUPD_DBS=MYSQL&XE=N&CLIENT_SITE=konkurs.loc&SERVER_NAME=&CHHB=e-board.loc&CSAB=192.168.107.4&SUID=yew6nqfvuk1kupmhrw03vm6jrimivago&CANGZIP=Y&CLIENT_PHPVER=8.4.21&stable=Y&mbfo=0&NGINX=Y&SMD=N&rerere=Y&bitm_main=26.200.0&bitm_vote=26.0.0&bitm_sale=26.0.0&bitm_ui=26.150.0&bitm_landing=26.200.0&bitm_mobileapp=25.0.100&bitm_form=26.0.0&bitm_perfmon=25.300.0&bitm_calendar=25.170.0&bitm_lists=25.600.100&bitm_highloadblock=25.100.0&bitm_security=25.0.0&bitm_translate=26.0.0&bitm_mail=26.100.200&bitm_location=25.400.0&bitm_learning=25.0.0&bitm_pull=25.300.0&bitm_catalog=25.550.0&bitm_abtest=26.0.0&bitm_socialservices=26.0.0&bitm_sender=26.0.0&bitm_wiki=25.0.0&bitm_bizprocdesigner=26.0.0&bitm_photogallery=25.100.0&bitm_blog=26.400.0&bitm_clouds=25.100.0&bitm_search=25.200.0&bitm_webservice=26.0.0&bitm_iblock=25.300.0&bitm_forum=26.0.100&bitm_subscribe=25.0.0&bitm_idea=25.0.0&bitm_support=26.0.0&bitm_messageservice=25.200.100&bitm_workflow=26.0.0&bitm_conversion=25.0.0&bitm_advertising=24.200.0&bitm_report=25.100.0&bitm_storeassist=24.0.0&bitm_bitrixcloud=25.100.0&bitm_statistic=26.0.0&bitm_seo=25.100.400&bitm_b24connector=25.0.0&bitm_currency=26.0.0&bitm_rest=26.0.0&bitm_fileman=25.200.200&bitm_bizproc=26.200.0&bitl_ru=&bitl_en=&SUPD_SRS=RU&SUPD_CMP=N&SALE_15=Y&LICENSE_SIGNED=%7Enew_license18_0_sign-Y
2026-05-14 21:43:32 -  - exec CUpdateClient::GetHTTPPage
2026-05-14 21:43:34 -  - TIME LoadModulesUpdates(request) 1.786 sec
2026-05-14 21:43:34 -  - exec CUpdateClient::ParseServerData
2026-05-14 21:43:34 - S - STEP
2026-05-14 21:43:34 -  - exec CUpdateClient::LoadModulesUpdates
2026-05-14 21:43:34 -  - exec CUpdateClient::ParseServerData
2026-05-14 21:43:34 -  - loadFile
2026-05-14 21:43:35 - U - RETURN
2026-05-14 21:43:35 -  - exec CUpdateClient::UnGzipArchive
2026-05-14 21:43:35 -  - TIME UnGzipArchive 0.01 sec
2026-05-14 21:43:35 -  - TIME UpdateStepModules 0.007 sec
2026-05-14 21:43:36 - UPD_SUCCESS - Updated: vote (26.100.0)<br><li>Усилена безопасность модуля. 
2026-05-14 21:43:36 -  - exec CUpdateClient::LoadModulesUpdates
2026-05-14 21:43:36 -  - exec CUpdateClient::CollectRequestData
2026-05-14 21:43:36 -  - LICENSE_KEY=X&lang=ru&SUPD_VER=25.1100.0&VERSION=26.200.0&TYPENC=D&SUPD_STS=1&SUPD_URS=0&SUPD_DBS=MYSQL&XE=N&CLIENT_SITE=konkurs.loc&SERVER_NAME=&CHHB=e-board.loc&CSAB=192.168.107.4&SUID=yew6nqfvuk1kupmhrw03vm6jrimivago&CANGZIP=Y&CLIENT_PHPVER=8.4.21&stable=Y&mbfo=0&NGINX=Y&SMD=N&rerere=Y&bitm_main=26.200.0&bitm_vote=26.100.0&bitm_sale=26.0.0&bitm_ui=26.150.0&bitm_landing=26.200.0&bitm_mobileapp=25.0.100&bitm_form=26.0.0&bitm_perfmon=25.300.0&bitm_calendar=25.170.0&bitm_lists=25.600.100&bitm_highloadblock=25.100.0&bitm_security=25.0.0&bitm_translate=26.0.0&bitm_mail=26.100.200&bitm_location=25.400.0&bitm_learning=25.0.0&bitm_pull=25.300.0&bitm_catalog=25.550.0&bitm_abtest=26.0.0&bitm_socialservices=26.0.0&bitm_sender=26.0.0&bitm_wiki=25.0.0&bitm_bizprocdesigner=26.0.0&bitm_photogallery=25.100.0&bitm_blog=26.400.0&bitm_clouds=25.100.0&bitm_search=25.200.0&bitm_webservice=26.0.0&bitm_iblock=25.300.0&bitm_forum=26.0.100&bitm_subscribe=25.0.0&bitm_idea=25.0.0&bitm_support=26.0.0&bitm_messageservice=25.200.100&bitm_workflow=26.0.0&bitm_conversion=25.0.0&bitm_advertising=24.200.0&bitm_report=25.100.0&bitm_storeassist=24.0.0&bitm_bitrixcloud=25.100.0&bitm_statistic=26.0.0&bitm_seo=25.100.400&bitm_b24connector=25.0.0&bitm_currency=26.0.0&bitm_rest=26.0.0&bitm_fileman=25.200.200&bitm_bizproc=26.200.0&bitl_ru=&bitl_en=&SUPD_SRS=RU&SUPD_CMP=N&SALE_15=Y&LICENSE_SIGNED=%7Enew_license18_0_sign-Y
2026-05-14 21:43:36 -  - exec CUpdateClient::GetHTTPPage
2026-05-14 21:43:37 -  - TIME LoadModulesUpdates(request) 1.502 sec
2026-05-14 21:43:37 -  - exec CUpdateClient::ParseServerData
2026-05-14 21:43:37 - S - STEP
2026-05-14 21:43:38 -  - exec CUpdateClient::LoadModulesUpdates
2026-05-14 21:43:38 -  - exec CUpdateClient::ParseServerData
2026-05-14 21:43:38 -  - loadFile
2026-05-14 21:43:38 - U - RETURN
2026-05-14 21:43:38 -  - exec CUpdateClient::UnGzipArchive
2026-05-14 21:43:38 -  - TIME UnGzipArchive 0.109 sec
2026-05-14 21:43:38 - CSURUS1 - Run updater '/bitrix/updates/update_m1778784218/catalog/updater25.600.0/index.php'
2026-05-14 21:43:38 - CRUPDCF1 - Run updater '/bitrix/updates/update_m1778784218/catalog/updater25.600.0/index.php': CopyFiles(install/components, components)
2026-05-14 21:43:38 - CRUPDCF1 - Run updater '/bitrix/updates/update_m1778784218/catalog/updater25.600.0/index.php': CopyFiles(install/js, js)
2026-05-14 21:43:39 - CRUPDCDF2 - Run updater '/bitrix/updates/update_m1778784218/catalog/updater25.600.0/index.php': Query(DROP TABLE b_catalog_exported_product, )
2026-05-14 21:43:39 - CRUPDCDF2 - Run updater '/bitrix/updates/update_m1778784218/catalog/updater25.600.0/index.php': Query(DROP TABLE b_catalog_exported_product_queue, )
2026-05-14 21:43:39 -  - TIME UpdateStepModules 0.161 sec
2026-05-14 21:43:39 - UPD_SUCCESS - Updated: catalog (25.600.0)<br><li>Исправлен ряд ошибок. 
2026-05-14 21:43:39 -  - exec CUpdateClient::LoadModulesUpdates
2026-05-14 21:43:39 -  - exec CUpdateClient::CollectRequestData
2026-05-14 21:43:39 -  - LICENSE_KEY=X&lang=ru&SUPD_VER=25.1100.0&VERSION=26.200.0&TYPENC=D&SUPD_STS=1&SUPD_URS=0&SUPD_DBS=MYSQL&XE=N&CLIENT_SITE=konkurs.loc&SERVER_NAME=&CHHB=e-board.loc&CSAB=192.168.107.4&SUID=yew6nqfvuk1kupmhrw03vm6jrimivago&CANGZIP=Y&CLIENT_PHPVER=8.4.21&stable=Y&mbfo=0&NGINX=Y&SMD=N&rerere=Y&bitm_main=26.200.0&bitm_vote=26.100.0&bitm_sale=26.0.0&bitm_ui=26.150.0&bitm_landing=26.200.0&bitm_mobileapp=25.0.100&bitm_form=26.0.0&bitm_perfmon=25.300.0&bitm_calendar=25.170.0&bitm_lists=25.600.100&bitm_highloadblock=25.100.0&bitm_security=25.0.0&bitm_translate=26.0.0&bitm_mail=26.100.200&bitm_location=25.400.0&bitm_learning=25.0.0&bitm_pull=25.300.0&bitm_catalog=25.600.0&bitm_abtest=26.0.0&bitm_socialservices=26.0.0&bitm_sender=26.0.0&bitm_wiki=25.0.0&bitm_bizprocdesigner=26.0.0&bitm_photogallery=25.100.0&bitm_blog=26.400.0&bitm_clouds=25.100.0&bitm_search=25.200.0&bitm_webservice=26.0.0&bitm_iblock=25.300.0&bitm_forum=26.0.100&bitm_subscribe=25.0.0&bitm_idea=25.0.0&bitm_support=26.0.0&bitm_messageservice=25.200.100&bitm_workflow=26.0.0&bitm_conversion=25.0.0&bitm_advertising=24.200.0&bitm_report=25.100.0&bitm_storeassist=24.0.0&bitm_bitrixcloud=25.100.0&bitm_statistic=26.0.0&bitm_seo=25.100.400&bitm_b24connector=25.0.0&bitm_currency=26.0.0&bitm_rest=26.0.0&bitm_fileman=25.200.200&bitm_bizproc=26.200.0&bitl_ru=&bitl_en=&SUPD_SRS=RU&SUPD_CMP=N&SALE_15=Y&LICENSE_SIGNED=%7Enew_license18_0_sign-Y
2026-05-14 21:43:39 -  - exec CUpdateClient::GetHTTPPage
2026-05-14 21:43:40 -  - TIME LoadModulesUpdates(request) 1.471 sec
2026-05-14 21:43:40 -  - exec CUpdateClient::ParseServerData
2026-05-14 21:43:40 - S - STEP
2026-05-14 21:43:40 -  - exec CUpdateClient::LoadModulesUpdates
2026-05-14 21:43:40 -  - exec CUpdateClient::ParseServerData
2026-05-14 21:43:41 -  - loadFile
2026-05-14 21:43:41 - U - RETURN
2026-05-14 21:43:41 -  - exec CUpdateClient::UnGzipArchive
2026-05-14 21:43:41 -  - TIME UnGzipArchive 0.017 sec
2026-05-14 21:43:41 - CSURUS1 - Run updater '/bitrix/updates/update_m1778784221/security/updater26.0.0.php'
2026-05-14 21:43:41 - CRUPDCF1 - Run updater '/bitrix/updates/update_m1778784221/security/updater26.0.0.php': CopyFiles(install/components, components)
2026-05-14 21:43:41 -  - TIME UpdateStepModules 0.028 sec
2026-05-14 21:43:41 - UPD_SUCCESS - Updated: security (26.0.0)<br><li>Разработчикам: добавлен управляемый кеш в OTP. 
2026-05-14 21:43:41 -  - exec CUpdateClient::LoadModulesUpdates
2026-05-14 21:43:41 -  - exec CUpdateClient::CollectRequestData
2026-05-14 21:43:41 -  - LICENSE_KEY=X&lang=ru&SUPD_VER=25.1100.0&VERSION=26.200.0&TYPENC=D&SUPD_STS=1&SUPD_URS=0&SUPD_DBS=MYSQL&XE=N&CLIENT_SITE=konkurs.loc&SERVER_NAME=&CHHB=e-board.loc&CSAB=192.168.107.4&SUID=yew6nqfvuk1kupmhrw03vm6jrimivago&CANGZIP=Y&CLIENT_PHPVER=8.4.21&stable=Y&mbfo=0&NGINX=Y&SMD=N&rerere=Y&bitm_main=26.200.0&bitm_vote=26.100.0&bitm_sale=26.0.0&bitm_ui=26.150.0&bitm_landing=26.200.0&bitm_mobileapp=25.0.100&bitm_form=26.0.0&bitm_perfmon=25.300.0&bitm_calendar=25.170.0&bitm_lists=25.600.100&bitm_highloadblock=25.100.0&bitm_security=26.0.0&bitm_translate=26.0.0&bitm_mail=26.100.200&bitm_location=25.400.0&bitm_learning=25.0.0&bitm_pull=25.300.0&bitm_catalog=25.600.0&bitm_abtest=26.0.0&bitm_socialservices=26.0.0&bitm_sender=26.0.0&bitm_wiki=25.0.0&bitm_bizprocdesigner=26.0.0&bitm_photogallery=25.100.0&bitm_blog=26.400.0&bitm_clouds=25.100.0&bitm_search=25.200.0&bitm_webservice=26.0.0&bitm_iblock=25.300.0&bitm_forum=26.0.100&bitm_subscribe=25.0.0&bitm_idea=25.0.0&bitm_support=26.0.0&bitm_messageservice=25.200.100&bitm_workflow=26.0.0&bitm_conversion=25.0.0&bitm_advertising=24.200.0&bitm_report=25.100.0&bitm_storeassist=24.0.0&bitm_bitrixcloud=25.100.0&bitm_statistic=26.0.0&bitm_seo=25.100.400&bitm_b24connector=25.0.0&bitm_currency=26.0.0&bitm_rest=26.0.0&bitm_fileman=25.200.200&bitm_bizproc=26.200.0&bitl_ru=&bitl_en=&SUPD_SRS=RU&SUPD_CMP=N&SALE_15=Y&LICENSE_SIGNED=%7Enew_license18_0_sign-Y
2026-05-14 21:43:41 -  - exec CUpdateClient::GetHTTPPage
2026-05-14 21:43:43 -  - TIME LoadModulesUpdates(request) 1.526 sec
2026-05-14 21:43:43 -  - exec CUpdateClient::ParseServerData
2026-05-14 21:43:43 - S - STEP
2026-05-14 21:43:43 -  - exec CUpdateClient::LoadModulesUpdates
2026-05-14 21:43:43 -  - exec CUpdateClient::ParseServerData
2026-05-14 21:43:43 -  - loadFile
2026-05-14 21:43:44 - U - RETURN
2026-05-14 21:43:44 -  - exec CUpdateClient::UnGzipArchive
2026-05-14 21:43:44 -  - TIME UnGzipArchive 0.008 sec
2026-05-14 21:43:44 - CSURUS1 - Run updater '/bitrix/updates/update_m1778784224/security/updater26.0.100.php'
2026-05-14 21:43:44 - CRUPDCF1 - Run updater '/bitrix/updates/update_m1778784224/security/updater26.0.100.php': CopyFiles(install/components, components)
2026-05-14 21:43:44 -  - TIME UpdateStepModules 0.005 sec
2026-05-14 21:43:44 - UPD_SUCCESS - Updated: security (26.0.100)<br><li>Исправлена ошибка в сценарии переподключения устройства.
2026-05-14 21:43:44 -  - exec CUpdateClient::LoadModulesUpdates
2026-05-14 21:43:44 -  - exec CUpdateClient::CollectRequestData
2026-05-14 21:43:44 -  - LICENSE_KEY=X&lang=ru&SUPD_VER=25.1100.0&VERSION=26.200.0&TYPENC=D&SUPD_STS=1&SUPD_URS=0&SUPD_DBS=MYSQL&XE=N&CLIENT_SITE=konkurs.loc&SERVER_NAME=&CHHB=e-board.loc&CSAB=192.168.107.4&SUID=yew6nqfvuk1kupmhrw03vm6jrimivago&CANGZIP=Y&CLIENT_PHPVER=8.4.21&stable=Y&mbfo=0&NGINX=Y&SMD=N&rerere=Y&bitm_main=26.200.0&bitm_vote=26.100.0&bitm_sale=26.0.0&bitm_ui=26.150.0&bitm_landing=26.200.0&bitm_mobileapp=25.0.100&bitm_form=26.0.0&bitm_perfmon=25.300.0&bitm_calendar=25.170.0&bitm_lists=25.600.100&bitm_highloadblock=25.100.0&bitm_security=26.0.100&bitm_translate=26.0.0&bitm_mail=26.100.200&bitm_location=25.400.0&bitm_learning=25.0.0&bitm_pull=25.300.0&bitm_catalog=25.600.0&bitm_abtest=26.0.0&bitm_socialservices=26.0.0&bitm_sender=26.0.0&bitm_wiki=25.0.0&bitm_bizprocdesigner=26.0.0&bitm_photogallery=25.100.0&bitm_blog=26.400.0&bitm_clouds=25.100.0&bitm_search=25.200.0&bitm_webservice=26.0.0&bitm_iblock=25.300.0&bitm_forum=26.0.100&bitm_subscribe=25.0.0&bitm_idea=25.0.0&bitm_support=26.0.0&bitm_messageservice=25.200.100&bitm_workflow=26.0.0&bitm_conversion=25.0.0&bitm_advertising=24.200.0&bitm_report=25.100.0&bitm_storeassist=24.0.0&bitm_bitrixcloud=25.100.0&bitm_statistic=26.0.0&bitm_seo=25.100.400&bitm_b24connector=25.0.0&bitm_currency=26.0.0&bitm_rest=26.0.0&bitm_fileman=25.200.200&bitm_bizproc=26.200.0&bitl_ru=&bitl_en=&SUPD_SRS=RU&SUPD_CMP=N&SALE_15=Y&LICENSE_SIGNED=%7Enew_license18_0_sign-Y
2026-05-14 21:43:44 -  - exec CUpdateClient::GetHTTPPage
2026-05-14 21:43:45 -  - TIME LoadModulesUpdates(request) 1.585 sec
2026-05-14 21:43:45 -  - exec CUpdateClient::ParseServerData
2026-05-14 21:43:45 - S - STEP
2026-05-14 21:43:46 -  - exec CUpdateClient::LoadModulesUpdates
2026-05-14 21:43:46 -  - exec CUpdateClient::ParseServerData
2026-05-14 21:43:46 -  - loadFile
2026-05-14 21:43:48 - U - RETURN
2026-05-14 21:43:48 -  - exec CUpdateClient::UnGzipArchive
2026-05-14 21:43:48 -  - TIME UnGzipArchive 0.037 sec
2026-05-14 21:43:48 - CSURUS1 - Run updater '/bitrix/updates/update_m1778784228/bizproc/updater26.200.100.php'
2026-05-14 21:43:49 -  - TIME UpdateStepModules 0.082 sec
2026-05-14 21:43:49 - UPD_SUCCESS - Updated: bizproc (26.200.100)<br><li>Добавлена возможность восстановления таблицы b_bp_task из архивной таблицы b_bp_task_archive. 
2026-05-14 21:43:49 -  - exec CUpdateClient::LoadModulesUpdates
2026-05-14 21:43:49 -  - exec CUpdateClient::CollectRequestData
2026-05-14 21:43:49 -  - LICENSE_KEY=X&lang=ru&SUPD_VER=25.1100.0&VERSION=26.200.0&TYPENC=D&SUPD_STS=1&SUPD_URS=0&SUPD_DBS=MYSQL&XE=N&CLIENT_SITE=konkurs.loc&SERVER_NAME=&CHHB=e-board.loc&CSAB=192.168.107.4&SUID=yew6nqfvuk1kupmhrw03vm6jrimivago&CANGZIP=Y&CLIENT_PHPVER=8.4.21&stable=Y&mbfo=0&NGINX=Y&SMD=N&rerere=Y&bitm_main=26.200.0&bitm_vote=26.100.0&bitm_sale=26.0.0&bitm_ui=26.150.0&bitm_landing=26.200.0&bitm_mobileapp=25.0.100&bitm_form=26.0.0&bitm_perfmon=25.300.0&bitm_calendar=25.170.0&bitm_lists=25.600.100&bitm_highloadblock=25.100.0&bitm_security=26.0.100&bitm_translate=26.0.0&bitm_mail=26.100.200&bitm_location=25.400.0&bitm_learning=25.0.0&bitm_pull=25.300.0&bitm_catalog=25.600.0&bitm_abtest=26.0.0&bitm_socialservices=26.0.0&bitm_sender=26.0.0&bitm_wiki=25.0.0&bitm_bizprocdesigner=26.0.0&bitm_photogallery=25.100.0&bitm_blog=26.400.0&bitm_clouds=25.100.0&bitm_search=25.200.0&bitm_webservice=26.0.0&bitm_iblock=25.300.0&bitm_forum=26.0.100&bitm_subscribe=25.0.0&bitm_idea=25.0.0&bitm_support=26.0.0&bitm_messageservice=25.200.100&bitm_workflow=26.0.0&bitm_conversion=25.0.0&bitm_advertising=24.200.0&bitm_report=25.100.0&bitm_storeassist=24.0.0&bitm_bitrixcloud=25.100.0&bitm_statistic=26.0.0&bitm_seo=25.100.400&bitm_b24connector=25.0.0&bitm_currency=26.0.0&bitm_rest=26.0.0&bitm_fileman=25.200.200&bitm_bizproc=26.200.100&bitl_ru=&bitl_en=&SUPD_SRS=RU&SUPD_CMP=N&SALE_15=Y&LICENSE_SIGNED=%7Enew_license18_0_sign-Y
2026-05-14 21:43:49 -  - exec CUpdateClient::GetHTTPPage
2026-05-14 21:43:50 -  - TIME LoadModulesUpdates(request) 1.504 sec
2026-05-14 21:43:50 -  - exec CUpdateClient::ParseServerData
2026-05-14 21:43:50 - S - STEP
2026-05-14 21:43:51 -  - exec CUpdateClient::LoadModulesUpdates
2026-05-14 21:43:51 -  - exec CUpdateClient::ParseServerData
2026-05-14 21:43:51 -  - loadFile
2026-05-14 21:43:52 - U - RETURN
2026-05-14 21:43:52 -  - exec CUpdateClient::UnGzipArchive
2026-05-14 21:43:52 -  - TIME UnGzipArchive 0.147 sec
2026-05-14 21:43:52 - CSURUS1 - Run updater '/bitrix/updates/update_m1778784232/bizproc/updater26.300.0.php'
2026-05-14 21:43:52 - CRUPDCF1 - Run updater '/bitrix/updates/update_m1778784232/bizproc/updater26.300.0.php': CopyFiles(install/activities, activities)
2026-05-14 21:43:52 - CRUPDCF1 - Run updater '/bitrix/updates/update_m1778784232/bizproc/updater26.300.0.php': CopyFiles(install/components, components)
2026-05-14 21:43:52 - CRUPDCF1 - Run updater '/bitrix/updates/update_m1778784232/bizproc/updater26.300.0.php': CopyFiles(install/js, js)
2026-05-14 21:43:52 -  - TIME UpdateStepModules 0.222 sec
2026-05-14 21:43:52 - UPD_SUCCESS - Updated: bizproc (26.300.0)<br><li>Добавлен адаптер для триггеров автоматизации CRM в новом дизайнере бизнес-процессов. <li>Исправлена некорректная работа роботов и бизнес-процессов при создании элемента через CRM-форму. <li>Открытие настроек ноды по одиночному клику. <li>Добавлен механизм ограничения максимальных пауз и очистки долгоживущих процессов. <li>Если параметры не переданы в шаблоне, система автоматически подставляет значения по умолчанию. <li>Внедрён новый стартер для лида, поддерживающий создание документа, повторный лид, отправку письма, конвертацию и действия на канбане. <li>Добавлена поддержка триггера «изменены поля лида» для запуска бизнес-процессов. <li>Запуск бизнес-процессов через CRM-стартер теперь поддерживается в мессенджере и Voximplant с возможностью отложенного запуска. <li>Обновлён интерфейс грида AI-агентов: добавлены новые попапы. <li>Очередь пауз бизнес-процессов теперь корректно обрабатывается вне агентов. 
2026-05-14 21:43:52 -  - exec CUpdateClient::LoadModulesUpdates
2026-05-14 21:43:52 -  - exec CUpdateClient::CollectRequestData
2026-05-14 21:43:52 -  - LICENSE_KEY=X&lang=ru&SUPD_VER=25.1100.0&VERSION=26.200.0&TYPENC=D&SUPD_STS=1&SUPD_URS=0&SUPD_DBS=MYSQL&XE=N&CLIENT_SITE=konkurs.loc&SERVER_NAME=&CHHB=e-board.loc&CSAB=192.168.107.4&SUID=yew6nqfvuk1kupmhrw03vm6jrimivago&CANGZIP=Y&CLIENT_PHPVER=8.4.21&stable=Y&mbfo=0&NGINX=Y&SMD=N&rerere=Y&bitm_main=26.200.0&bitm_vote=26.100.0&bitm_sale=26.0.0&bitm_ui=26.150.0&bitm_landing=26.200.0&bitm_mobileapp=25.0.100&bitm_form=26.0.0&bitm_perfmon=25.300.0&bitm_calendar=25.170.0&bitm_lists=25.600.100&bitm_highloadblock=25.100.0&bitm_security=26.0.100&bitm_translate=26.0.0&bitm_mail=26.100.200&bitm_location=25.400.0&bitm_learning=25.0.0&bitm_pull=25.300.0&bitm_catalog=25.600.0&bitm_abtest=26.0.0&bitm_socialservices=26.0.0&bitm_sender=26.0.0&bitm_wiki=25.0.0&bitm_bizprocdesigner=26.0.0&bitm_photogallery=25.100.0&bitm_blog=26.400.0&bitm_clouds=25.100.0&bitm_search=25.200.0&bitm_webservice=26.0.0&bitm_iblock=25.300.0&bitm_forum=26.0.100&bitm_subscribe=25.0.0&bitm_idea=25.0.0&bitm_support=26.0.0&bitm_messageservice=25.200.100&bitm_workflow=26.0.0&bitm_conversion=25.0.0&bitm_advertising=24.200.0&bitm_report=25.100.0&bitm_storeassist=24.0.0&bitm_bitrixcloud=25.100.0&bitm_statistic=26.0.0&bitm_seo=25.100.400&bitm_b24connector=25.0.0&bitm_currency=26.0.0&bitm_rest=26.0.0&bitm_fileman=25.200.200&bitm_bizproc=26.300.0&bitl_ru=&bitl_en=&SUPD_SRS=RU&SUPD_CMP=N&SALE_15=Y&LICENSE_SIGNED=%7Enew_license18_0_sign-Y
2026-05-14 21:43:52 -  - exec CUpdateClient::GetHTTPPage
2026-05-14 21:43:54 -  - TIME LoadModulesUpdates(request) 1.614 sec
2026-05-14 21:43:54 -  - exec CUpdateClient::ParseServerData
2026-05-14 21:43:54 - S - STEP
2026-05-14 21:43:54 -  - exec CUpdateClient::LoadModulesUpdates
2026-05-14 21:43:54 -  - exec CUpdateClient::ParseServerData
2026-05-14 21:43:54 -  - loadFile
2026-05-14 21:43:55 - U - RETURN
2026-05-14 21:43:55 -  - exec CUpdateClient::UnGzipArchive
2026-05-14 21:43:55 -  - TIME UnGzipArchive 0.112 sec
2026-05-14 21:43:55 - CSURUS1 - Run updater '/bitrix/updates/update_m1778784235/seo/updater25.200.0/index.php'
2026-05-14 21:43:55 - CRUPDCF1 - Run updater '/bitrix/updates/update_m1778784235/seo/updater25.200.0/index.php': CopyFiles(install/components, components)
2026-05-14 21:43:55 -  - TIME UpdateStepModules 0.069 sec
2026-05-14 21:43:55 - UPD_SUCCESS - Updated: seo (25.200.0)<br><li>Улучшена совместимость с модулем \"Интранет\". 
2026-05-14 21:43:55 -  - exec CUpdateClient::LoadModulesUpdates
2026-05-14 21:43:55 -  - exec CUpdateClient::CollectRequestData
2026-05-14 21:43:55 -  - LICENSE_KEY=X&lang=ru&SUPD_VER=25.1100.0&VERSION=26.200.0&TYPENC=D&SUPD_STS=1&SUPD_URS=0&SUPD_DBS=MYSQL&XE=N&CLIENT_SITE=konkurs.loc&SERVER_NAME=&CHHB=e-board.loc&CSAB=192.168.107.4&SUID=yew6nqfvuk1kupmhrw03vm6jrimivago&CANGZIP=Y&CLIENT_PHPVER=8.4.21&stable=Y&mbfo=0&NGINX=Y&SMD=N&rerere=Y&bitm_main=26.200.0&bitm_vote=26.100.0&bitm_sale=26.0.0&bitm_ui=26.150.0&bitm_landing=26.200.0&bitm_mobileapp=25.0.100&bitm_form=26.0.0&bitm_perfmon=25.300.0&bitm_calendar=25.170.0&bitm_lists=25.600.100&bitm_highloadblock=25.100.0&bitm_security=26.0.100&bitm_translate=26.0.0&bitm_mail=26.100.200&bitm_location=25.400.0&bitm_learning=25.0.0&bitm_pull=25.300.0&bitm_catalog=25.600.0&bitm_abtest=26.0.0&bitm_socialservices=26.0.0&bitm_sender=26.0.0&bitm_wiki=25.0.0&bitm_bizprocdesigner=26.0.0&bitm_photogallery=25.100.0&bitm_blog=26.400.0&bitm_clouds=25.100.0&bitm_search=25.200.0&bitm_webservice=26.0.0&bitm_iblock=25.300.0&bitm_forum=26.0.100&bitm_subscribe=25.0.0&bitm_idea=25.0.0&bitm_support=26.0.0&bitm_messageservice=25.200.100&bitm_workflow=26.0.0&bitm_conversion=25.0.0&bitm_advertising=24.200.0&bitm_report=25.100.0&bitm_storeassist=24.0.0&bitm_bitrixcloud=25.100.0&bitm_statistic=26.0.0&bitm_seo=25.200.0&bitm_b24connector=25.0.0&bitm_currency=26.0.0&bitm_rest=26.0.0&bitm_fileman=25.200.200&bitm_bizproc=26.300.0&bitl_ru=&bitl_en=&SUPD_SRS=RU&SUPD_CMP=N&SALE_15=Y&LICENSE_SIGNED=%7Enew_license18_0_sign-Y
2026-05-14 21:43:55 -  - exec CUpdateClient::GetHTTPPage
2026-05-14 21:43:57 -  - TIME LoadModulesUpdates(request) 1.496 sec
2026-05-14 21:43:57 -  - exec CUpdateClient::ParseServerData
2026-05-14 21:43:57 - S - STEP
2026-05-14 21:43:57 -  - exec CUpdateClient::LoadModulesUpdates
2026-05-14 21:43:57 -  - exec CUpdateClient::ParseServerData
2026-05-14 21:43:57 -  - loadFile
2026-05-14 21:43:58 - U - RETURN
2026-05-14 21:43:58 -  - exec CUpdateClient::UnGzipArchive
2026-05-14 21:43:58 -  - TIME UnGzipArchive 0.007 sec
2026-05-14 21:43:58 - CSURUS1 - Run updater '/bitrix/updates/update_m1778784238/lists/updater26.0.0.php'
2026-05-14 21:43:58 - CRUPDCF1 - Run updater '/bitrix/updates/update_m1778784238/lists/updater26.0.0.php': CopyFiles(install/components, components)
2026-05-14 21:43:58 -  - TIME UpdateStepModules 0.022 sec
2026-05-14 21:43:58 - UPD_SUCCESS - Updated: lists (26.0.0)<br><li>Переделано формирование ссылки на документ из административной части. <li>Улучшена стилизация модуля для всех страниц.
2026-05-14 21:43:59 -  - exec CUpdateClient::LoadModulesUpdates
2026-05-14 21:43:59 -  - exec CUpdateClient::CollectRequestData
2026-05-14 21:43:59 -  - LICENSE_KEY=X&lang=ru&SUPD_VER=25.1100.0&VERSION=26.200.0&TYPENC=D&SUPD_STS=1&SUPD_URS=0&SUPD_DBS=MYSQL&XE=N&CLIENT_SITE=konkurs.loc&SERVER_NAME=&CHHB=e-board.loc&CSAB=192.168.107.4&SUID=yew6nqfvuk1kupmhrw03vm6jrimivago&CANGZIP=Y&CLIENT_PHPVER=8.4.21&stable=Y&mbfo=0&NGINX=Y&SMD=N&rerere=Y&bitm_main=26.200.0&bitm_vote=26.100.0&bitm_sale=26.0.0&bitm_ui=26.150.0&bitm_landing=26.200.0&bitm_mobileapp=25.0.100&bitm_form=26.0.0&bitm_perfmon=25.300.0&bitm_calendar=25.170.0&bitm_lists=26.0.0&bitm_highloadblock=25.100.0&bitm_security=26.0.100&bitm_translate=26.0.0&bitm_mail=26.100.200&bitm_location=25.400.0&bitm_learning=25.0.0&bitm_pull=25.300.0&bitm_catalog=25.600.0&bitm_abtest=26.0.0&bitm_socialservices=26.0.0&bitm_sender=26.0.0&bitm_wiki=25.0.0&bitm_bizprocdesigner=26.0.0&bitm_photogallery=25.100.0&bitm_blog=26.400.0&bitm_clouds=25.100.0&bitm_search=25.200.0&bitm_webservice=26.0.0&bitm_iblock=25.300.0&bitm_forum=26.0.100&bitm_subscribe=25.0.0&bitm_idea=25.0.0&bitm_support=26.0.0&bitm_messageservice=25.200.100&bitm_workflow=26.0.0&bitm_conversion=25.0.0&bitm_advertising=24.200.0&bitm_report=25.100.0&bitm_storeassist=24.0.0&bitm_bitrixcloud=25.100.0&bitm_statistic=26.0.0&bitm_seo=25.200.0&bitm_b24connector=25.0.0&bitm_currency=26.0.0&bitm_rest=26.0.0&bitm_fileman=25.200.200&bitm_bizproc=26.300.0&bitl_ru=&bitl_en=&SUPD_SRS=RU&SUPD_CMP=N&SALE_15=Y&LICENSE_SIGNED=%7Enew_license18_0_sign-Y
2026-05-14 21:43:59 -  - exec CUpdateClient::GetHTTPPage
2026-05-14 21:44:00 -  - TIME LoadModulesUpdates(request) 1.527 sec
2026-05-14 21:44:00 -  - exec CUpdateClient::ParseServerData
2026-05-14 21:44:00 - S - STEP
2026-05-14 21:44:00 -  - exec CUpdateClient::LoadModulesUpdates
2026-05-14 21:44:00 -  - exec CUpdateClient::ParseServerData
2026-05-14 21:44:00 -  - loadFile
2026-05-14 21:44:01 - U - RETURN
2026-05-14 21:44:01 -  - exec CUpdateClient::UnGzipArchive
2026-05-14 21:44:01 -  - TIME UnGzipArchive 0.01 sec
2026-05-14 21:44:01 - CSURUS1 - Run updater '/bitrix/updates/update_m1778784241/report/updater26.0.0.php'
2026-05-14 21:44:01 - CRUPDCF1 - Run updater '/bitrix/updates/update_m1778784241/report/updater26.0.0.php': CopyFiles(install/components, components)
2026-05-14 21:44:01 -  - TIME UpdateStepModules 0.023 sec
2026-05-14 21:44:01 - UPD_SUCCESS - Updated: report (26.0.0)<br><li>Улучшена совместимость с модулем \"Интранет\".
2026-05-14 21:44:01 -  - exec CUpdateClient::LoadModulesUpdates
2026-05-14 21:44:01 -  - exec CUpdateClient::CollectRequestData
2026-05-14 21:44:01 -  - LICENSE_KEY=X&lang=ru&SUPD_VER=25.1100.0&VERSION=26.200.0&TYPENC=D&SUPD_STS=1&SUPD_URS=0&SUPD_DBS=MYSQL&XE=N&CLIENT_SITE=konkurs.loc&SERVER_NAME=&CHHB=e-board.loc&CSAB=192.168.107.4&SUID=yew6nqfvuk1kupmhrw03vm6jrimivago&CANGZIP=Y&CLIENT_PHPVER=8.4.21&stable=Y&mbfo=0&NGINX=Y&SMD=N&rerere=Y&bitm_main=26.200.0&bitm_vote=26.100.0&bitm_sale=26.0.0&bitm_ui=26.150.0&bitm_landing=26.200.0&bitm_mobileapp=25.0.100&bitm_form=26.0.0&bitm_perfmon=25.300.0&bitm_calendar=25.170.0&bitm_lists=26.0.0&bitm_highloadblock=25.100.0&bitm_security=26.0.100&bitm_translate=26.0.0&bitm_mail=26.100.200&bitm_location=25.400.0&bitm_learning=25.0.0&bitm_pull=25.300.0&bitm_catalog=25.600.0&bitm_abtest=26.0.0&bitm_socialservices=26.0.0&bitm_sender=26.0.0&bitm_wiki=25.0.0&bitm_bizprocdesigner=26.0.0&bitm_photogallery=25.100.0&bitm_blog=26.400.0&bitm_clouds=25.100.0&bitm_search=25.200.0&bitm_webservice=26.0.0&bitm_iblock=25.300.0&bitm_forum=26.0.100&bitm_subscribe=25.0.0&bitm_idea=25.0.0&bitm_support=26.0.0&bitm_messageservice=25.200.100&bitm_workflow=26.0.0&bitm_conversion=25.0.0&bitm_advertising=24.200.0&bitm_report=26.0.0&bitm_storeassist=24.0.0&bitm_bitrixcloud=25.100.0&bitm_statistic=26.0.0&bitm_seo=25.200.0&bitm_b24connector=25.0.0&bitm_currency=26.0.0&bitm_rest=26.0.0&bitm_fileman=25.200.200&bitm_bizproc=26.300.0&bitl_ru=&bitl_en=&SUPD_SRS=RU&SUPD_CMP=N&SALE_15=Y&LICENSE_SIGNED=%7Enew_license18_0_sign-Y
2026-05-14 21:44:01 -  - exec CUpdateClient::GetHTTPPage
2026-05-14 21:44:03 -  - TIME LoadModulesUpdates(request) 1.488 sec
2026-05-14 21:44:03 -  - exec CUpdateClient::ParseServerData
2026-05-14 21:44:03 - S - STEP
2026-05-14 21:44:03 -  - exec CUpdateClient::LoadModulesUpdates
2026-05-14 21:44:03 -  - exec CUpdateClient::ParseServerData
2026-05-14 21:44:03 -  - loadFile
2026-05-14 21:44:04 - U - RETURN
2026-05-14 21:44:04 -  - exec CUpdateClient::UnGzipArchive
2026-05-14 21:44:04 -  - TIME UnGzipArchive 0.031 sec
2026-05-14 21:44:04 - CSURUS1 - Run updater '/bitrix/updates/update_m1778784244/calendar/updater25.170.50.php'
2026-05-14 21:44:04 - CRUPDCF1 - Run updater '/bitrix/updates/update_m1778784244/calendar/updater25.170.50.php': CopyFiles(install/activities, activities)
2026-05-14 21:44:04 - CRUPDCF1 - Run updater '/bitrix/updates/update_m1778784244/calendar/updater25.170.50.php': CopyFiles(install/js, js)
2026-05-14 21:44:04 - CRUPDCF1 - Run updater '/bitrix/updates/update_m1778784244/calendar/updater25.170.50.php': CopyFiles(install/components, components)
2026-05-14 21:44:04 -  - TIME UpdateStepModules 0.028 sec
2026-05-14 21:44:04 - UPD_SUCCESS - Updated: calendar (25.170.50)<br><li>Расширены настройки действия бизнес-процесса \"Получить события из календаря сотрудника\". 
2026-05-14 21:44:04 -  - exec CUpdateClient::LoadModulesUpdates
2026-05-14 21:44:04 -  - exec CUpdateClient::CollectRequestData
2026-05-14 21:44:04 -  - LICENSE_KEY=X&lang=ru&SUPD_VER=25.1100.0&VERSION=26.200.0&TYPENC=D&SUPD_STS=1&SUPD_URS=0&SUPD_DBS=MYSQL&XE=N&CLIENT_SITE=konkurs.loc&SERVER_NAME=&CHHB=e-board.loc&CSAB=192.168.107.4&SUID=yew6nqfvuk1kupmhrw03vm6jrimivago&CANGZIP=Y&CLIENT_PHPVER=8.4.21&stable=Y&mbfo=0&NGINX=Y&SMD=N&rerere=Y&bitm_main=26.200.0&bitm_vote=26.100.0&bitm_sale=26.0.0&bitm_ui=26.150.0&bitm_landing=26.200.0&bitm_mobileapp=25.0.100&bitm_form=26.0.0&bitm_perfmon=25.300.0&bitm_calendar=25.170.50&bitm_lists=26.0.0&bitm_highloadblock=25.100.0&bitm_security=26.0.100&bitm_translate=26.0.0&bitm_mail=26.100.200&bitm_location=25.400.0&bitm_learning=25.0.0&bitm_pull=25.300.0&bitm_catalog=25.600.0&bitm_abtest=26.0.0&bitm_socialservices=26.0.0&bitm_sender=26.0.0&bitm_wiki=25.0.0&bitm_bizprocdesigner=26.0.0&bitm_photogallery=25.100.0&bitm_blog=26.400.0&bitm_clouds=25.100.0&bitm_search=25.200.0&bitm_webservice=26.0.0&bitm_iblock=25.300.0&bitm_forum=26.0.100&bitm_subscribe=25.0.0&bitm_idea=25.0.0&bitm_support=26.0.0&bitm_messageservice=25.200.100&bitm_workflow=26.0.0&bitm_conversion=25.0.0&bitm_advertising=24.200.0&bitm_report=26.0.0&bitm_storeassist=24.0.0&bitm_bitrixcloud=25.100.0&bitm_statistic=26.0.0&bitm_seo=25.200.0&bitm_b24connector=25.0.0&bitm_currency=26.0.0&bitm_rest=26.0.0&bitm_fileman=25.200.200&bitm_bizproc=26.300.0&bitl_ru=&bitl_en=&SUPD_SRS=RU&SUPD_CMP=N&SALE_15=Y&LICENSE_SIGNED=%7Enew_license18_0_sign-Y
2026-05-14 21:44:04 -  - exec CUpdateClient::GetHTTPPage
2026-05-14 21:44:06 -  - TIME LoadModulesUpdates(request) 2.01 sec
2026-05-14 21:44:06 -  - exec CUpdateClient::ParseServerData
2026-05-14 21:44:06 - S - STEP
2026-05-14 21:44:06 -  - exec CUpdateClient::LoadModulesUpdates
2026-05-14 21:44:06 -  - exec CUpdateClient::ParseServerData
2026-05-14 21:44:06 -  - loadFile
2026-05-14 21:44:07 - U - RETURN
2026-05-14 21:44:07 -  - exec CUpdateClient::UnGzipArchive
2026-05-14 21:44:07 -  - TIME UnGzipArchive 0.132 sec
2026-05-14 21:44:07 - CSURUS1 - Run updater '/bitrix/updates/update_m1778784247/bizproc/updater26.400.0.php'
2026-05-14 21:44:07 - CRUPDCF1 - Run updater '/bitrix/updates/update_m1778784247/bizproc/updater26.400.0.php': CopyFiles(install/activities, activities)
2026-05-14 21:44:07 - CRUPDCF1 - Run updater '/bitrix/updates/update_m1778784247/bizproc/updater26.400.0.php': CopyFiles(install/components, components)
2026-05-14 21:44:07 - CRUPDCF1 - Run updater '/bitrix/updates/update_m1778784247/bizproc/updater26.400.0.php': CopyFiles(install/js, js)
2026-05-14 21:44:07 -  - TIME UpdateStepModules 0.143 sec
2026-05-14 21:44:07 - UPD_SUCCESS - Updated: bizproc (26.400.0)<br><li>Добавлена отправка сообщения от чат-бота при недоступности функционала в рамках текущего тарифа. <li>В ноде \"Отправить сообщение от чат-бота\" добавлена возможность настраивать появление упоминания об использовании ИИ в конечном сообщении. <li>Добавлены два новых триггера для отслеживания изменений полей в смарт-процессах и CRM. <li>Удалена отрисовка лишней кнопки «Добавить» для полей типа адрес, деньги и ссылка в документах бизнес-процессов. <li>Прекращена поддержка нерабочего поля «Сообщение почты» в бизнес-процессах. <li>Исправлена ошибка поиска по названию в списке заданий бизнес-процессов. <li>Добавлены индикаторы ограничений во всплывающем окне BI-конструктора при несоответствии тарифа. <li>Исправлено сохранение значения обязательного поля в REST-активности бизнес-процесса или робота.
2026-05-14 21:44:08 -  - exec CUpdateClient::LoadModulesUpdates
2026-05-14 21:44:08 -  - exec CUpdateClient::CollectRequestData
2026-05-14 21:44:08 -  - LICENSE_KEY=X&lang=ru&SUPD_VER=25.1100.0&VERSION=26.200.0&TYPENC=D&SUPD_STS=1&SUPD_URS=0&SUPD_DBS=MYSQL&XE=N&CLIENT_SITE=konkurs.loc&SERVER_NAME=&CHHB=e-board.loc&CSAB=192.168.107.4&SUID=yew6nqfvuk1kupmhrw03vm6jrimivago&CANGZIP=Y&CLIENT_PHPVER=8.4.21&stable=Y&mbfo=0&NGINX=Y&SMD=N&rerere=Y&bitm_main=26.200.0&bitm_vote=26.100.0&bitm_sale=26.0.0&bitm_ui=26.150.0&bitm_landing=26.200.0&bitm_mobileapp=25.0.100&bitm_form=26.0.0&bitm_perfmon=25.300.0&bitm_calendar=25.170.50&bitm_lists=26.0.0&bitm_highloadblock=25.100.0&bitm_security=26.0.100&bitm_translate=26.0.0&bitm_mail=26.100.200&bitm_location=25.400.0&bitm_learning=25.0.0&bitm_pull=25.300.0&bitm_catalog=25.600.0&bitm_abtest=26.0.0&bitm_socialservices=26.0.0&bitm_sender=26.0.0&bitm_wiki=25.0.0&bitm_bizprocdesigner=26.0.0&bitm_photogallery=25.100.0&bitm_blog=26.400.0&bitm_clouds=25.100.0&bitm_search=25.200.0&bitm_webservice=26.0.0&bitm_iblock=25.300.0&bitm_forum=26.0.100&bitm_subscribe=25.0.0&bitm_idea=25.0.0&bitm_support=26.0.0&bitm_messageservice=25.200.100&bitm_workflow=26.0.0&bitm_conversion=25.0.0&bitm_advertising=24.200.0&bitm_report=26.0.0&bitm_storeassist=24.0.0&bitm_bitrixcloud=25.100.0&bitm_statistic=26.0.0&bitm_seo=25.200.0&bitm_b24connector=25.0.0&bitm_currency=26.0.0&bitm_rest=26.0.0&bitm_fileman=25.200.200&bitm_bizproc=26.400.0&bitl_ru=&bitl_en=&SUPD_SRS=RU&SUPD_CMP=N&SALE_15=Y&LICENSE_SIGNED=%7Enew_license18_0_sign-Y
2026-05-14 21:44:08 -  - exec CUpdateClient::GetHTTPPage
2026-05-14 21:44:09 -  - TIME LoadModulesUpdates(request) 1.494 sec
2026-05-14 21:44:09 -  - exec CUpdateClient::ParseServerData
2026-05-14 21:44:09 - S - STEP
2026-05-14 21:44:09 -  - exec CUpdateClient::LoadModulesUpdates
2026-05-14 21:44:09 -  - exec CUpdateClient::ParseServerData
2026-05-14 21:44:09 -  - loadFile
2026-05-14 21:44:10 - U - RETURN
2026-05-14 21:44:10 -  - exec CUpdateClient::UnGzipArchive
2026-05-14 21:44:10 -  - TIME UnGzipArchive 0.018 sec
2026-05-14 21:44:10 -  - TIME UpdateStepModules 0.011 sec
2026-05-14 21:44:10 - UPD_SUCCESS - Updated: calendar (25.170.75)<br><li>Исправлена ошибка, при которой могли отменяться события календаря с почтовыми пользователями. 
2026-05-14 21:44:10 -  - exec CUpdateClient::LoadModulesUpdates
2026-05-14 21:44:10 -  - exec CUpdateClient::CollectRequestData
2026-05-14 21:44:10 -  - LICENSE_KEY=X&lang=ru&SUPD_VER=25.1100.0&VERSION=26.200.0&TYPENC=D&SUPD_STS=1&SUPD_URS=0&SUPD_DBS=MYSQL&XE=N&CLIENT_SITE=konkurs.loc&SERVER_NAME=&CHHB=e-board.loc&CSAB=192.168.107.4&SUID=yew6nqfvuk1kupmhrw03vm6jrimivago&CANGZIP=Y&CLIENT_PHPVER=8.4.21&stable=Y&mbfo=0&NGINX=Y&SMD=N&rerere=Y&bitm_main=26.200.0&bitm_vote=26.100.0&bitm_sale=26.0.0&bitm_ui=26.150.0&bitm_landing=26.200.0&bitm_mobileapp=25.0.100&bitm_form=26.0.0&bitm_perfmon=25.300.0&bitm_calendar=25.170.75&bitm_lists=26.0.0&bitm_highloadblock=25.100.0&bitm_security=26.0.100&bitm_translate=26.0.0&bitm_mail=26.100.200&bitm_location=25.400.0&bitm_learning=25.0.0&bitm_pull=25.300.0&bitm_catalog=25.600.0&bitm_abtest=26.0.0&bitm_socialservices=26.0.0&bitm_sender=26.0.0&bitm_wiki=25.0.0&bitm_bizprocdesigner=26.0.0&bitm_photogallery=25.100.0&bitm_blog=26.400.0&bitm_clouds=25.100.0&bitm_search=25.200.0&bitm_webservice=26.0.0&bitm_iblock=25.300.0&bitm_forum=26.0.100&bitm_subscribe=25.0.0&bitm_idea=25.0.0&bitm_support=26.0.0&bitm_messageservice=25.200.100&bitm_workflow=26.0.0&bitm_conversion=25.0.0&bitm_advertising=24.200.0&bitm_report=26.0.0&bitm_storeassist=24.0.0&bitm_bitrixcloud=25.100.0&bitm_statistic=26.0.0&bitm_seo=25.200.0&bitm_b24connector=25.0.0&bitm_currency=26.0.0&bitm_rest=26.0.0&bitm_fileman=25.200.200&bitm_bizproc=26.400.0&bitl_ru=&bitl_en=&SUPD_SRS=RU&SUPD_CMP=N&SALE_15=Y&LICENSE_SIGNED=%7Enew_license18_0_sign-Y
2026-05-14 21:44:10 -  - exec CUpdateClient::GetHTTPPage
2026-05-14 21:44:12 -  - TIME LoadModulesUpdates(request) 1.518 sec
2026-05-14 21:44:12 -  - exec CUpdateClient::ParseServerData
2026-05-14 21:44:12 - S - STEP
2026-05-14 21:44:12 -  - exec CUpdateClient::LoadModulesUpdates
2026-05-14 21:44:12 -  - exec CUpdateClient::ParseServerData
2026-05-14 21:44:12 -  - loadFile
2026-05-14 21:44:13 - U - RETURN
2026-05-14 21:44:13 -  - exec CUpdateClient::UnGzipArchive
2026-05-14 21:44:13 -  - TIME UnGzipArchive 0.062 sec
2026-05-14 21:44:13 - CSURUS1 - Run updater '/bitrix/updates/update_m1778784253/calendar/updater25.170.100.php'
2026-05-14 21:44:13 - CRUPDCF1 - Run updater '/bitrix/updates/update_m1778784253/calendar/updater25.170.100.php': CopyFiles(install/activities, activities)
2026-05-14 21:44:13 - CRUPDCF1 - Run updater '/bitrix/updates/update_m1778784253/calendar/updater25.170.100.php': CopyFiles(install/js, js)
2026-05-14 21:44:13 - CRUPDCF1 - Run updater '/bitrix/updates/update_m1778784253/calendar/updater25.170.100.php': CopyFiles(install/components, components)
2026-05-14 21:44:13 -  - TIME UpdateStepModules 0.045 sec
2026-05-14 21:44:13 - UPD_SUCCESS - Updated: calendar (25.170.100)<br><li>Исправлена ошибка, из-за которой в некоторых случаях события из календаря Google не синхронизировались автоматически при включённой опции синхронизации через пуши. 
2026-05-14 21:44:13 -  - exec CUpdateClient::LoadModulesUpdates
2026-05-14 21:44:13 -  - exec CUpdateClient::CollectRequestData
2026-05-14 21:44:13 -  - LICENSE_KEY=X&lang=ru&SUPD_VER=25.1100.0&VERSION=26.200.0&TYPENC=D&SUPD_STS=1&SUPD_URS=0&SUPD_DBS=MYSQL&XE=N&CLIENT_SITE=konkurs.loc&SERVER_NAME=&CHHB=e-board.loc&CSAB=192.168.107.4&SUID=yew6nqfvuk1kupmhrw03vm6jrimivago&CANGZIP=Y&CLIENT_PHPVER=8.4.21&stable=Y&mbfo=0&NGINX=Y&SMD=N&rerere=Y&bitm_main=26.200.0&bitm_vote=26.100.0&bitm_sale=26.0.0&bitm_ui=26.150.0&bitm_landing=26.200.0&bitm_mobileapp=25.0.100&bitm_form=26.0.0&bitm_perfmon=25.300.0&bitm_calendar=25.170.100&bitm_lists=26.0.0&bitm_highloadblock=25.100.0&bitm_security=26.0.100&bitm_translate=26.0.0&bitm_mail=26.100.200&bitm_location=25.400.0&bitm_learning=25.0.0&bitm_pull=25.300.0&bitm_catalog=25.600.0&bitm_abtest=26.0.0&bitm_socialservices=26.0.0&bitm_sender=26.0.0&bitm_wiki=25.0.0&bitm_bizprocdesigner=26.0.0&bitm_photogallery=25.100.0&bitm_blog=26.400.0&bitm_clouds=25.100.0&bitm_search=25.200.0&bitm_webservice=26.0.0&bitm_iblock=25.300.0&bitm_forum=26.0.100&bitm_subscribe=25.0.0&bitm_idea=25.0.0&bitm_support=26.0.0&bitm_messageservice=25.200.100&bitm_workflow=26.0.0&bitm_conversion=25.0.0&bitm_advertising=24.200.0&bitm_report=26.0.0&bitm_storeassist=24.0.0&bitm_bitrixcloud=25.100.0&bitm_statistic=26.0.0&bitm_seo=25.200.0&bitm_b24connector=25.0.0&bitm_currency=26.0.0&bitm_rest=26.0.0&bitm_fileman=25.200.200&bitm_bizproc=26.400.0&bitl_ru=&bitl_en=&SUPD_SRS=RU&SUPD_CMP=N&SALE_15=Y&LICENSE_SIGNED=%7Enew_license18_0_sign-Y
2026-05-14 21:44:13 -  - exec CUpdateClient::GetHTTPPage
2026-05-14 21:44:14 -  - TIME LoadModulesUpdates(request) 1.601 sec
2026-05-14 21:44:14 -  - exec CUpdateClient::ParseServerData
2026-05-14 21:44:14 - S - STEP
2026-05-14 21:44:15 -  - exec CUpdateClient::LoadModulesUpdates
2026-05-14 21:44:15 -  - exec CUpdateClient::ParseServerData
2026-05-14 21:44:15 -  - loadFile
2026-05-14 21:44:15 - U - RETURN
2026-05-14 21:44:15 -  - exec CUpdateClient::UnGzipArchive
2026-05-14 21:44:15 -  - TIME UnGzipArchive 0.018 sec
2026-05-14 21:44:15 -  - TIME UpdateStepModules 0.011 sec
2026-05-14 21:44:15 - UPD_SUCCESS - Updated: sender (26.100.0)<br><li>Возможность фильтровать контакты в сегментах по количеству дней с момента последнего прочтения.
2026-05-14 21:44:15 -  - exec CUpdateClient::LoadModulesUpdates
2026-05-14 21:44:15 -  - exec CUpdateClient::CollectRequestData
2026-05-14 21:44:15 -  - LICENSE_KEY=X&lang=ru&SUPD_VER=25.1100.0&VERSION=26.200.0&TYPENC=D&SUPD_STS=1&SUPD_URS=0&SUPD_DBS=MYSQL&XE=N&CLIENT_SITE=konkurs.loc&SERVER_NAME=&CHHB=e-board.loc&CSAB=192.168.107.4&SUID=yew6nqfvuk1kupmhrw03vm6jrimivago&CANGZIP=Y&CLIENT_PHPVER=8.4.21&stable=Y&mbfo=0&NGINX=Y&SMD=N&rerere=Y&bitm_main=26.200.0&bitm_vote=26.100.0&bitm_sale=26.0.0&bitm_ui=26.150.0&bitm_landing=26.200.0&bitm_mobileapp=25.0.100&bitm_form=26.0.0&bitm_perfmon=25.300.0&bitm_calendar=25.170.100&bitm_lists=26.0.0&bitm_highloadblock=25.100.0&bitm_security=26.0.100&bitm_translate=26.0.0&bitm_mail=26.100.200&bitm_location=25.400.0&bitm_learning=25.0.0&bitm_pull=25.300.0&bitm_catalog=25.600.0&bitm_abtest=26.0.0&bitm_socialservices=26.0.0&bitm_sender=26.100.0&bitm_wiki=25.0.0&bitm_bizprocdesigner=26.0.0&bitm_photogallery=25.100.0&bitm_blog=26.400.0&bitm_clouds=25.100.0&bitm_search=25.200.0&bitm_webservice=26.0.0&bitm_iblock=25.300.0&bitm_forum=26.0.100&bitm_subscribe=25.0.0&bitm_idea=25.0.0&bitm_support=26.0.0&bitm_messageservice=25.200.100&bitm_workflow=26.0.0&bitm_conversion=25.0.0&bitm_advertising=24.200.0&bitm_report=26.0.0&bitm_storeassist=24.0.0&bitm_bitrixcloud=25.100.0&bitm_statistic=26.0.0&bitm_seo=25.200.0&bitm_b24connector=25.0.0&bitm_currency=26.0.0&bitm_rest=26.0.0&bitm_fileman=25.200.200&bitm_bizproc=26.400.0&bitl_ru=&bitl_en=&SUPD_SRS=RU&SUPD_CMP=N&SALE_15=Y&LICENSE_SIGNED=%7Enew_license18_0_sign-Y
2026-05-14 21:44:15 -  - exec CUpdateClient::GetHTTPPage
2026-05-14 21:44:18 -  - TIME LoadModulesUpdates(request) 2.548 sec
2026-05-14 21:44:18 -  - exec CUpdateClient::ParseServerData
2026-05-14 21:44:18 - S - STEP
2026-05-14 21:44:18 -  - exec CUpdateClient::LoadModulesUpdates
2026-05-14 21:44:18 -  - exec CUpdateClient::ParseServerData
2026-05-14 21:44:18 -  - loadFile
2026-05-14 21:44:18 - U - RETURN
2026-05-14 21:44:18 -  - exec CUpdateClient::UnGzipArchive
2026-05-14 21:44:18 -  - TIME UnGzipArchive 0.009 sec
2026-05-14 21:44:18 - CSURUS1 - Run updater '/bitrix/updates/update_m1778784258/sender/updater26.200.0.php'
2026-05-14 21:44:18 - CRUPDCF1 - Run updater '/bitrix/updates/update_m1778784258/sender/updater26.200.0.php': CopyFiles(install/components, components)
2026-05-14 21:44:19 -  - TIME UpdateStepModules 0.015 sec
2026-05-14 21:44:19 - UPD_SUCCESS - Updated: sender (26.200.0)<br><li>Технические доработки.
2026-05-14 21:44:19 -  - exec CUpdateClient::LoadModulesUpdates
2026-05-14 21:44:19 -  - exec CUpdateClient::CollectRequestData
2026-05-14 21:44:19 -  - LICENSE_KEY=X&lang=ru&SUPD_VER=25.1100.0&VERSION=26.200.0&TYPENC=D&SUPD_STS=1&SUPD_URS=0&SUPD_DBS=MYSQL&XE=N&CLIENT_SITE=konkurs.loc&SERVER_NAME=&CHHB=e-board.loc&CSAB=192.168.107.4&SUID=yew6nqfvuk1kupmhrw03vm6jrimivago&CANGZIP=Y&CLIENT_PHPVER=8.4.21&stable=Y&mbfo=0&NGINX=Y&SMD=N&rerere=Y&bitm_main=26.200.0&bitm_vote=26.100.0&bitm_sale=26.0.0&bitm_ui=26.150.0&bitm_landing=26.200.0&bitm_mobileapp=25.0.100&bitm_form=26.0.0&bitm_perfmon=25.300.0&bitm_calendar=25.170.100&bitm_lists=26.0.0&bitm_highloadblock=25.100.0&bitm_security=26.0.100&bitm_translate=26.0.0&bitm_mail=26.100.200&bitm_location=25.400.0&bitm_learning=25.0.0&bitm_pull=25.300.0&bitm_catalog=25.600.0&bitm_abtest=26.0.0&bitm_socialservices=26.0.0&bitm_sender=26.200.0&bitm_wiki=25.0.0&bitm_bizprocdesigner=26.0.0&bitm_photogallery=25.100.0&bitm_blog=26.400.0&bitm_clouds=25.100.0&bitm_search=25.200.0&bitm_webservice=26.0.0&bitm_iblock=25.300.0&bitm_forum=26.0.100&bitm_subscribe=25.0.0&bitm_idea=25.0.0&bitm_support=26.0.0&bitm_messageservice=25.200.100&bitm_workflow=26.0.0&bitm_conversion=25.0.0&bitm_advertising=24.200.0&bitm_report=26.0.0&bitm_storeassist=24.0.0&bitm_bitrixcloud=25.100.0&bitm_statistic=26.0.0&bitm_seo=25.200.0&bitm_b24connector=25.0.0&bitm_currency=26.0.0&bitm_rest=26.0.0&bitm_fileman=25.200.200&bitm_bizproc=26.400.0&bitl_ru=&bitl_en=&SUPD_SRS=RU&SUPD_CMP=N&SALE_15=Y&LICENSE_SIGNED=%7Enew_license18_0_sign-Y
2026-05-14 21:44:19 -  - exec CUpdateClient::GetHTTPPage
2026-05-14 21:44:20 -  - TIME LoadModulesUpdates(request) 1.483 sec
2026-05-14 21:44:20 -  - exec CUpdateClient::ParseServerData
2026-05-14 21:44:20 - S - STEP
2026-05-14 21:44:20 -  - exec CUpdateClient::LoadModulesUpdates
2026-05-14 21:44:20 -  - exec CUpdateClient::ParseServerData
2026-05-14 21:44:20 -  - loadFile
2026-05-14 21:44:21 - U - RETURN
2026-05-14 21:44:21 -  - exec CUpdateClient::UnGzipArchive
2026-05-14 21:44:21 -  - TIME UnGzipArchive 0.005 sec
2026-05-14 21:44:21 -  - TIME UpdateStepModules 0.007 sec
2026-05-14 21:44:21 - UPD_SUCCESS - Updated: rest (26.0.100)<br><li>Незначительные изменения.
2026-05-14 21:44:21 -  - exec CUpdateClient::LoadModulesUpdates
2026-05-14 21:44:21 -  - exec CUpdateClient::CollectRequestData
2026-05-14 21:44:21 -  - LICENSE_KEY=X&lang=ru&SUPD_VER=25.1100.0&VERSION=26.200.0&TYPENC=D&SUPD_STS=1&SUPD_URS=0&SUPD_DBS=MYSQL&XE=N&CLIENT_SITE=konkurs.loc&SERVER_NAME=&CHHB=e-board.loc&CSAB=192.168.107.4&SUID=yew6nqfvuk1kupmhrw03vm6jrimivago&CANGZIP=Y&CLIENT_PHPVER=8.4.21&stable=Y&mbfo=0&NGINX=Y&SMD=N&rerere=Y&bitm_main=26.200.0&bitm_vote=26.100.0&bitm_sale=26.0.0&bitm_ui=26.150.0&bitm_landing=26.200.0&bitm_mobileapp=25.0.100&bitm_form=26.0.0&bitm_perfmon=25.300.0&bitm_calendar=25.170.100&bitm_lists=26.0.0&bitm_highloadblock=25.100.0&bitm_security=26.0.100&bitm_translate=26.0.0&bitm_mail=26.100.200&bitm_location=25.400.0&bitm_learning=25.0.0&bitm_pull=25.300.0&bitm_catalog=25.600.0&bitm_abtest=26.0.0&bitm_socialservices=26.0.0&bitm_sender=26.200.0&bitm_wiki=25.0.0&bitm_bizprocdesigner=26.0.0&bitm_photogallery=25.100.0&bitm_blog=26.400.0&bitm_clouds=25.100.0&bitm_search=25.200.0&bitm_webservice=26.0.0&bitm_iblock=25.300.0&bitm_forum=26.0.100&bitm_subscribe=25.0.0&bitm_idea=25.0.0&bitm_support=26.0.0&bitm_messageservice=25.200.100&bitm_workflow=26.0.0&bitm_conversion=25.0.0&bitm_advertising=24.200.0&bitm_report=26.0.0&bitm_storeassist=24.0.0&bitm_bitrixcloud=25.100.0&bitm_statistic=26.0.0&bitm_seo=25.200.0&bitm_b24connector=25.0.0&bitm_currency=26.0.0&bitm_rest=26.0.100&bitm_fileman=25.200.200&bitm_bizproc=26.400.0&bitl_ru=&bitl_en=&SUPD_SRS=RU&SUPD_CMP=N&SALE_15=Y&LICENSE_SIGNED=%7Enew_license18_0_sign-Y
2026-05-14 21:44:21 -  - exec CUpdateClient::GetHTTPPage
2026-05-14 21:44:23 -  - TIME LoadModulesUpdates(request) 1.511 sec
2026-05-14 21:44:23 -  - exec CUpdateClient::ParseServerData
2026-05-14 21:44:23 - S - STEP
2026-05-14 21:44:23 -  - exec CUpdateClient::LoadModulesUpdates
2026-05-14 21:44:23 -  - exec CUpdateClient::ParseServerData
2026-05-14 21:44:23 -  - loadFile
2026-05-14 21:44:23 - U - RETURN
2026-05-14 21:44:23 -  - exec CUpdateClient::UnGzipArchive
2026-05-14 21:44:23 -  - TIME UnGzipArchive 0.03 sec
2026-05-14 21:44:24 - CSURUS1 - Run updater '/bitrix/updates/update_m1778784263/rest/updater26.100.0.php'
2026-05-14 21:44:24 - CRUPDCF1 - Run updater '/bitrix/updates/update_m1778784263/rest/updater26.100.0.php': CopyFiles(install/components, components)
2026-05-14 21:44:24 -  - TIME UpdateStepModules 0.061 sec
2026-05-14 21:44:24 - UPD_SUCCESS - Updated: rest (26.100.0)<br><li>Улучшена производительность модуля.
2026-05-14 21:44:24 -  - exec CUpdateClient::LoadModulesUpdates
2026-05-14 21:44:24 -  - exec CUpdateClient::CollectRequestData
2026-05-14 21:44:24 -  - LICENSE_KEY=X&lang=ru&SUPD_VER=25.1100.0&VERSION=26.200.0&TYPENC=D&SUPD_STS=1&SUPD_URS=0&SUPD_DBS=MYSQL&XE=N&CLIENT_SITE=konkurs.loc&SERVER_NAME=&CHHB=e-board.loc&CSAB=192.168.107.4&SUID=yew6nqfvuk1kupmhrw03vm6jrimivago&CANGZIP=Y&CLIENT_PHPVER=8.4.21&stable=Y&mbfo=0&NGINX=Y&SMD=N&rerere=Y&bitm_main=26.200.0&bitm_vote=26.100.0&bitm_sale=26.0.0&bitm_ui=26.150.0&bitm_landing=26.200.0&bitm_mobileapp=25.0.100&bitm_form=26.0.0&bitm_perfmon=25.300.0&bitm_calendar=25.170.100&bitm_lists=26.0.0&bitm_highloadblock=25.100.0&bitm_security=26.0.100&bitm_translate=26.0.0&bitm_mail=26.100.200&bitm_location=25.400.0&bitm_learning=25.0.0&bitm_pull=25.300.0&bitm_catalog=25.600.0&bitm_abtest=26.0.0&bitm_socialservices=26.0.0&bitm_sender=26.200.0&bitm_wiki=25.0.0&bitm_bizprocdesigner=26.0.0&bitm_photogallery=25.100.0&bitm_blog=26.400.0&bitm_clouds=25.100.0&bitm_search=25.200.0&bitm_webservice=26.0.0&bitm_iblock=25.300.0&bitm_forum=26.0.100&bitm_subscribe=25.0.0&bitm_idea=25.0.0&bitm_support=26.0.0&bitm_messageservice=25.200.100&bitm_workflow=26.0.0&bitm_conversion=25.0.0&bitm_advertising=24.200.0&bitm_report=26.0.0&bitm_storeassist=24.0.0&bitm_bitrixcloud=25.100.0&bitm_statistic=26.0.0&bitm_seo=25.200.0&bitm_b24connector=25.0.0&bitm_currency=26.0.0&bitm_rest=26.100.0&bitm_fileman=25.200.200&bitm_bizproc=26.400.0&bitl_ru=&bitl_en=&SUPD_SRS=RU&SUPD_CMP=N&SALE_15=Y&LICENSE_SIGNED=%7Enew_license18_0_sign-Y
2026-05-14 21:44:24 -  - exec CUpdateClient::GetHTTPPage
2026-05-14 21:44:25 -  - TIME LoadModulesUpdates(request) 1.517 sec
2026-05-14 21:44:25 -  - exec CUpdateClient::ParseServerData
2026-05-14 21:44:25 - S - STEP
2026-05-14 21:44:25 -  - exec CUpdateClient::LoadModulesUpdates
2026-05-14 21:44:25 -  - exec CUpdateClient::ParseServerData
2026-05-14 21:44:25 -  - loadFile
2026-05-14 21:44:26 - U - RETURN
2026-05-14 21:44:26 -  - exec CUpdateClient::UnGzipArchive
2026-05-14 21:44:26 -  - TIME UnGzipArchive 0.123 sec
2026-05-14 21:44:26 - CSURUS1 - Run updater '/bitrix/updates/update_m1778784266/sale/updater26.100.0/index.php'
2026-05-14 21:44:26 - CRUPDCF1 - Run updater '/bitrix/updates/update_m1778784266/sale/updater26.100.0/index.php': CopyFiles(install/components, components)
2026-05-14 21:44:27 -  - TIME UpdateStepModules 0.119 sec
2026-05-14 21:44:27 - UPD_SUCCESS - Updated: sale (26.100.0)<br><li>Усилена безопасность модуля. <li>Исправлен ряд ошибок. 
2026-05-14 21:44:27 -  - exec CUpdateClient::LoadModulesUpdates
2026-05-14 21:44:27 -  - exec CUpdateClient::CollectRequestData
2026-05-14 21:44:27 -  - LICENSE_KEY=X&lang=ru&SUPD_VER=25.1100.0&VERSION=26.200.0&TYPENC=D&SUPD_STS=1&SUPD_URS=0&SUPD_DBS=MYSQL&XE=N&CLIENT_SITE=konkurs.loc&SERVER_NAME=&CHHB=e-board.loc&CSAB=192.168.107.4&SUID=yew6nqfvuk1kupmhrw03vm6jrimivago&CANGZIP=Y&CLIENT_PHPVER=8.4.21&stable=Y&mbfo=0&NGINX=Y&SMD=N&rerere=Y&bitm_main=26.200.0&bitm_vote=26.100.0&bitm_sale=26.100.0&bitm_ui=26.150.0&bitm_landing=26.200.0&bitm_mobileapp=25.0.100&bitm_form=26.0.0&bitm_perfmon=25.300.0&bitm_calendar=25.170.100&bitm_lists=26.0.0&bitm_highloadblock=25.100.0&bitm_security=26.0.100&bitm_translate=26.0.0&bitm_mail=26.100.200&bitm_location=25.400.0&bitm_learning=25.0.0&bitm_pull=25.300.0&bitm_catalog=25.600.0&bitm_abtest=26.0.0&bitm_socialservices=26.0.0&bitm_sender=26.200.0&bitm_wiki=25.0.0&bitm_bizprocdesigner=26.0.0&bitm_photogallery=25.100.0&bitm_blog=26.400.0&bitm_clouds=25.100.0&bitm_search=25.200.0&bitm_webservice=26.0.0&bitm_iblock=25.300.0&bitm_forum=26.0.100&bitm_subscribe=25.0.0&bitm_idea=25.0.0&bitm_support=26.0.0&bitm_messageservice=25.200.100&bitm_workflow=26.0.0&bitm_conversion=25.0.0&bitm_advertising=24.200.0&bitm_report=26.0.0&bitm_storeassist=24.0.0&bitm_bitrixcloud=25.100.0&bitm_statistic=26.0.0&bitm_seo=25.200.0&bitm_b24connector=25.0.0&bitm_currency=26.0.0&bitm_rest=26.100.0&bitm_fileman=25.200.200&bitm_bizproc=26.400.0&bitl_ru=&bitl_en=&SUPD_SRS=RU&SUPD_CMP=N&SALE_15=Y&LICENSE_SIGNED=%7Enew_license18_0_sign-Y
2026-05-14 21:44:27 -  - exec CUpdateClient::GetHTTPPage
2026-05-14 21:44:28 -  - TIME LoadModulesUpdates(request) 1.522 sec
2026-05-14 21:44:28 -  - exec CUpdateClient::ParseServerData
2026-05-14 21:44:28 - S - STEP
2026-05-14 21:44:28 -  - exec CUpdateClient::LoadModulesUpdates
2026-05-14 21:44:28 -  - exec CUpdateClient::ParseServerData
2026-05-14 21:44:28 -  - loadFile
2026-05-14 21:44:29 - U - RETURN
2026-05-14 21:44:29 -  - exec CUpdateClient::UnGzipArchive
2026-05-14 21:44:29 -  - TIME UnGzipArchive 0.015 sec
2026-05-14 21:44:29 - CSURUS1 - Run updater '/bitrix/updates/update_m1778784269/rest/updater26.100.100.php'
2026-05-14 21:44:29 - CRUPDCF1 - Run updater '/bitrix/updates/update_m1778784269/rest/updater26.100.100.php': CopyFiles(install/components, components)
2026-05-14 21:44:29 -  - TIME UpdateStepModules 0.017 sec
2026-05-14 21:44:29 - UPD_SUCCESS - Updated: rest (26.100.100)<br><li>Технические улучшения в функционале \"главная страница\".
2026-05-14 21:44:29 -  - exec CUpdateClient::LoadModulesUpdates
2026-05-14 21:44:29 -  - exec CUpdateClient::CollectRequestData
2026-05-14 21:44:29 -  - LICENSE_KEY=X&lang=ru&SUPD_VER=25.1100.0&VERSION=26.200.0&TYPENC=D&SUPD_STS=1&SUPD_URS=0&SUPD_DBS=MYSQL&XE=N&CLIENT_SITE=konkurs.loc&SERVER_NAME=&CHHB=e-board.loc&CSAB=192.168.107.4&SUID=yew6nqfvuk1kupmhrw03vm6jrimivago&CANGZIP=Y&CLIENT_PHPVER=8.4.21&stable=Y&mbfo=0&NGINX=Y&SMD=N&rerere=Y&bitm_main=26.200.0&bitm_vote=26.100.0&bitm_sale=26.100.0&bitm_ui=26.150.0&bitm_landing=26.200.0&bitm_mobileapp=25.0.100&bitm_form=26.0.0&bitm_perfmon=25.300.0&bitm_calendar=25.170.100&bitm_lists=26.0.0&bitm_highloadblock=25.100.0&bitm_security=26.0.100&bitm_translate=26.0.0&bitm_mail=26.100.200&bitm_location=25.400.0&bitm_learning=25.0.0&bitm_pull=25.300.0&bitm_catalog=25.600.0&bitm_abtest=26.0.0&bitm_socialservices=26.0.0&bitm_sender=26.200.0&bitm_wiki=25.0.0&bitm_bizprocdesigner=26.0.0&bitm_photogallery=25.100.0&bitm_blog=26.400.0&bitm_clouds=25.100.0&bitm_search=25.200.0&bitm_webservice=26.0.0&bitm_iblock=25.300.0&bitm_forum=26.0.100&bitm_subscribe=25.0.0&bitm_idea=25.0.0&bitm_support=26.0.0&bitm_messageservice=25.200.100&bitm_workflow=26.0.0&bitm_conversion=25.0.0&bitm_advertising=24.200.0&bitm_report=26.0.0&bitm_storeassist=24.0.0&bitm_bitrixcloud=25.100.0&bitm_statistic=26.0.0&bitm_seo=25.200.0&bitm_b24connector=25.0.0&bitm_currency=26.0.0&bitm_rest=26.100.100&bitm_fileman=25.200.200&bitm_bizproc=26.400.0&bitl_ru=&bitl_en=&SUPD_SRS=RU&SUPD_CMP=N&SALE_15=Y&LICENSE_SIGNED=%7Enew_license18_0_sign-Y
2026-05-14 21:44:29 -  - exec CUpdateClient::GetHTTPPage
2026-05-14 21:44:31 -  - TIME LoadModulesUpdates(request) 1.505 sec
2026-05-14 21:44:31 -  - exec CUpdateClient::ParseServerData
2026-05-14 21:44:31 - S - STEP
2026-05-14 21:44:31 -  - exec CUpdateClient::LoadModulesUpdates
2026-05-14 21:44:31 -  - exec CUpdateClient::ParseServerData
2026-05-14 21:44:31 -  - loadFile
2026-05-14 21:44:31 - U - RETURN
2026-05-14 21:44:31 -  - exec CUpdateClient::UnGzipArchive
2026-05-14 21:44:32 -  - TIME UnGzipArchive 0.087 sec
2026-05-14 21:44:32 - CSURUS1 - Run updater '/bitrix/updates/update_m1778784271/rest/updater26.200.0.php'
2026-05-14 21:44:32 - CRUPDCDF2 - Run updater '/bitrix/updates/update_m1778784271/rest/updater26.200.0.php': Query(				INSERT IGNORE INTO b_rest_access_permission (ENTITY_TYPE, ACCESS_CODE, PERMISSION)
				VALUES 
				('incoming_webhook', 'UA', 'create_own'),
				('incoming_webhook', 'UA', 'manage_own'), )
2026-05-14 21:44:32 - CRUPDCDF2 - Run updater '/bitrix/updates/update_m1778784271/rest/updater26.200.0.php': Query(
				CREATE TABLE b_rest_system_user (
					ID BIGINT UNSIGNED NOT NULL AUTO_INCREMENT,
					USER_ID INT NOT NULL,
					ACCOUNT_TYPE VARCHAR(32) NOT NULL,
					RESOURCE_TYPE VARCHAR(32) NOT NULL,
					RESOURCE_ID INT NOT NULL,
					PRIMARY KEY (ID),
					INDEX idx_brsu_resource_id_resource_type (RESOURCE_ID, RESOURCE_TYPE)
				)
			, )
2026-05-14 21:44:32 - CRUPDCF1 - Run updater '/bitrix/updates/update_m1778784271/rest/updater26.200.0.php': CopyFiles(install/components, components)
2026-05-14 21:44:32 -  - TIME UpdateStepModules 0.143 sec
2026-05-14 21:44:32 - UPD_SUCCESS - Updated: rest (26.200.0)<br><li>Добавлена новая таблица b_rest_system_user для учета системных пользователей rest. <li>Восстановлена возможность создать Битрикс24 с предустановленным приложением. <li>Доработано отображение страницы приложения. <li>ONAPPINSTALL для приложений категорий \"Настраивать CRM\" и \"Шаблон отчеты PowerBi\". 
2026-05-14 21:44:32 -  - exec CUpdateClient::LoadModulesUpdates
2026-05-14 21:44:32 -  - exec CUpdateClient::CollectRequestData
2026-05-14 21:44:32 -  - LICENSE_KEY=X&lang=ru&SUPD_VER=25.1100.0&VERSION=26.200.0&TYPENC=D&SUPD_STS=1&SUPD_URS=0&SUPD_DBS=MYSQL&XE=N&CLIENT_SITE=konkurs.loc&SERVER_NAME=&CHHB=e-board.loc&CSAB=192.168.107.4&SUID=yew6nqfvuk1kupmhrw03vm6jrimivago&CANGZIP=Y&CLIENT_PHPVER=8.4.21&stable=Y&mbfo=0&NGINX=Y&SMD=N&rerere=Y&bitm_main=26.200.0&bitm_vote=26.100.0&bitm_sale=26.100.0&bitm_ui=26.150.0&bitm_landing=26.200.0&bitm_mobileapp=25.0.100&bitm_form=26.0.0&bitm_perfmon=25.300.0&bitm_calendar=25.170.100&bitm_lists=26.0.0&bitm_highloadblock=25.100.0&bitm_security=26.0.100&bitm_translate=26.0.0&bitm_mail=26.100.200&bitm_location=25.400.0&bitm_learning=25.0.0&bitm_pull=25.300.0&bitm_catalog=25.600.0&bitm_abtest=26.0.0&bitm_socialservices=26.0.0&bitm_sender=26.200.0&bitm_wiki=25.0.0&bitm_bizprocdesigner=26.0.0&bitm_photogallery=25.100.0&bitm_blog=26.400.0&bitm_clouds=25.100.0&bitm_search=25.200.0&bitm_webservice=26.0.0&bitm_iblock=25.300.0&bitm_forum=26.0.100&bitm_subscribe=25.0.0&bitm_idea=25.0.0&bitm_support=26.0.0&bitm_messageservice=25.200.100&bitm_workflow=26.0.0&bitm_conversion=25.0.0&bitm_advertising=24.200.0&bitm_report=26.0.0&bitm_storeassist=24.0.0&bitm_bitrixcloud=25.100.0&bitm_statistic=26.0.0&bitm_seo=25.200.0&bitm_b24connector=25.0.0&bitm_currency=26.0.0&bitm_rest=26.200.0&bitm_fileman=25.200.200&bitm_bizproc=26.400.0&bitl_ru=&bitl_en=&SUPD_SRS=RU&SUPD_CMP=N&SALE_15=Y&LICENSE_SIGNED=%7Enew_license18_0_sign-Y
2026-05-14 21:44:32 -  - exec CUpdateClient::GetHTTPPage
2026-05-14 21:44:34 -  - TIME LoadModulesUpdates(request) 1.66 sec
2026-05-14 21:44:34 -  - exec CUpdateClient::ParseServerData
2026-05-14 21:44:34 - S - STEP
2026-05-14 21:44:34 -  - exec CUpdateClient::LoadModulesUpdates
2026-05-14 21:44:34 -  - exec CUpdateClient::ParseServerData
2026-05-14 21:44:34 -  - loadFile
2026-05-14 21:44:34 - U - RETURN
2026-05-14 21:44:34 -  - exec CUpdateClient::UnGzipArchive
2026-05-14 21:44:34 -  - TIME UnGzipArchive 0.007 sec
2026-05-14 21:44:34 - CSURUS1 - Run updater '/bitrix/updates/update_m1778784274/rest/updater26.200.100.php'
2026-05-14 21:44:34 -  - TIME UpdateStepModules 0.017 sec
2026-05-14 21:44:34 - UPD_SUCCESS - Updated: rest (26.200.100)<br><li>Удаление лишней колонки и индексов для таблицы b_rest_system_user. 
2026-05-14 21:44:34 -  - exec CUpdateClient::LoadModulesUpdates
2026-05-14 21:44:34 -  - exec CUpdateClient::CollectRequestData
2026-05-14 21:44:34 -  - LICENSE_KEY=X&lang=ru&SUPD_VER=25.1100.0&VERSION=26.200.0&TYPENC=D&SUPD_STS=1&SUPD_URS=0&SUPD_DBS=MYSQL&XE=N&CLIENT_SITE=konkurs.loc&SERVER_NAME=&CHHB=e-board.loc&CSAB=192.168.107.4&SUID=yew6nqfvuk1kupmhrw03vm6jrimivago&CANGZIP=Y&CLIENT_PHPVER=8.4.21&stable=Y&mbfo=0&NGINX=Y&SMD=N&rerere=Y&bitm_main=26.200.0&bitm_vote=26.100.0&bitm_sale=26.100.0&bitm_ui=26.150.0&bitm_landing=26.200.0&bitm_mobileapp=25.0.100&bitm_form=26.0.0&bitm_perfmon=25.300.0&bitm_calendar=25.170.100&bitm_lists=26.0.0&bitm_highloadblock=25.100.0&bitm_security=26.0.100&bitm_translate=26.0.0&bitm_mail=26.100.200&bitm_location=25.400.0&bitm_learning=25.0.0&bitm_pull=25.300.0&bitm_catalog=25.600.0&bitm_abtest=26.0.0&bitm_socialservices=26.0.0&bitm_sender=26.200.0&bitm_wiki=25.0.0&bitm_bizprocdesigner=26.0.0&bitm_photogallery=25.100.0&bitm_blog=26.400.0&bitm_clouds=25.100.0&bitm_search=25.200.0&bitm_webservice=26.0.0&bitm_iblock=25.300.0&bitm_forum=26.0.100&bitm_subscribe=25.0.0&bitm_idea=25.0.0&bitm_support=26.0.0&bitm_messageservice=25.200.100&bitm_workflow=26.0.0&bitm_conversion=25.0.0&bitm_advertising=24.200.0&bitm_report=26.0.0&bitm_storeassist=24.0.0&bitm_bitrixcloud=25.100.0&bitm_statistic=26.0.0&bitm_seo=25.200.0&bitm_b24connector=25.0.0&bitm_currency=26.0.0&bitm_rest=26.200.100&bitm_fileman=25.200.200&bitm_bizproc=26.400.0&bitl_ru=&bitl_en=&SUPD_SRS=RU&SUPD_CMP=N&SALE_15=Y&LICENSE_SIGNED=%7Enew_license18_0_sign-Y
2026-05-14 21:44:34 -  - exec CUpdateClient::GetHTTPPage
2026-05-14 21:44:36 -  - TIME LoadModulesUpdates(request) 1.533 sec
2026-05-14 21:44:36 -  - exec CUpdateClient::ParseServerData
2026-05-14 21:44:36 - S - STEP
2026-05-14 21:44:36 -  - exec CUpdateClient::LoadModulesUpdates
2026-05-14 21:44:36 -  - exec CUpdateClient::ParseServerData
2026-05-14 21:44:36 -  - loadFile
2026-05-14 21:44:37 - U - RETURN
2026-05-14 21:44:37 -  - exec CUpdateClient::UnGzipArchive
2026-05-14 21:44:37 -  - TIME UnGzipArchive 0.022 sec
2026-05-14 21:44:37 - CSURUS1 - Run updater '/bitrix/updates/update_m1778784277/messageservice/updater26.0.0.php'
2026-05-14 21:44:37 - CRUPDCF1 - Run updater '/bitrix/updates/update_m1778784277/messageservice/updater26.0.0.php': CopyFiles(install/components, components)
2026-05-14 21:44:37 -  - TIME UpdateStepModules 0.021 sec
2026-05-14 21:44:37 - UPD_SUCCESS - Updated: messageservice (26.0.0)<br><li>Отображение файлов, а не ссылок в ru-регионе.
2026-05-14 21:44:37 -  - exec CUpdateClient::LoadModulesUpdates
2026-05-14 21:44:37 -  - exec CUpdateClient::CollectRequestData
2026-05-14 21:44:37 -  - LICENSE_KEY=X&lang=ru&SUPD_VER=25.1100.0&VERSION=26.200.0&TYPENC=D&SUPD_STS=1&SUPD_URS=0&SUPD_DBS=MYSQL&XE=N&CLIENT_SITE=konkurs.loc&SERVER_NAME=&CHHB=e-board.loc&CSAB=192.168.107.4&SUID=yew6nqfvuk1kupmhrw03vm6jrimivago&CANGZIP=Y&CLIENT_PHPVER=8.4.21&stable=Y&mbfo=0&NGINX=Y&SMD=N&rerere=Y&bitm_main=26.200.0&bitm_vote=26.100.0&bitm_sale=26.100.0&bitm_ui=26.150.0&bitm_landing=26.200.0&bitm_mobileapp=25.0.100&bitm_form=26.0.0&bitm_perfmon=25.300.0&bitm_calendar=25.170.100&bitm_lists=26.0.0&bitm_highloadblock=25.100.0&bitm_security=26.0.100&bitm_translate=26.0.0&bitm_mail=26.100.200&bitm_location=25.400.0&bitm_learning=25.0.0&bitm_pull=25.300.0&bitm_catalog=25.600.0&bitm_abtest=26.0.0&bitm_socialservices=26.0.0&bitm_sender=26.200.0&bitm_wiki=25.0.0&bitm_bizprocdesigner=26.0.0&bitm_photogallery=25.100.0&bitm_blog=26.400.0&bitm_clouds=25.100.0&bitm_search=25.200.0&bitm_webservice=26.0.0&bitm_iblock=25.300.0&bitm_forum=26.0.100&bitm_subscribe=25.0.0&bitm_idea=25.0.0&bitm_support=26.0.0&bitm_messageservice=26.0.0&bitm_workflow=26.0.0&bitm_conversion=25.0.0&bitm_advertising=24.200.0&bitm_report=26.0.0&bitm_storeassist=24.0.0&bitm_bitrixcloud=25.100.0&bitm_statistic=26.0.0&bitm_seo=25.200.0&bitm_b24connector=25.0.0&bitm_currency=26.0.0&bitm_rest=26.200.100&bitm_fileman=25.200.200&bitm_bizproc=26.400.0&bitl_ru=&bitl_en=&SUPD_SRS=RU&SUPD_CMP=N&SALE_15=Y&LICENSE_SIGNED=%7Enew_license18_0_sign-Y
2026-05-14 21:44:37 -  - exec CUpdateClient::GetHTTPPage
2026-05-14 21:44:38 -  - TIME LoadModulesUpdates(request) 1.512 sec
2026-05-14 21:44:38 -  - exec CUpdateClient::ParseServerData
2026-05-14 21:44:39 - S - STEP
2026-05-14 21:44:39 -  - exec CUpdateClient::LoadModulesUpdates
2026-05-14 21:44:39 -  - exec CUpdateClient::ParseServerData
2026-05-14 21:44:39 -  - loadFile
2026-05-14 21:44:42 - U - RETURN
2026-05-14 21:44:42 -  - exec CUpdateClient::UnGzipArchive
2026-05-14 21:44:42 -  - TIME UnGzipArchive 0.239 sec
2026-05-14 21:44:42 - CSURUS1 - Run updater '/bitrix/updates/update_m1778784282/landing/updater26.300.0.php'
2026-05-14 21:44:42 - CRUPDCF1 - Run updater '/bitrix/updates/update_m1778784282/landing/updater26.300.0.php': CopyFiles(install/components, components)
2026-05-14 21:44:42 - CRUPDCF1 - Run updater '/bitrix/updates/update_m1778784282/landing/updater26.300.0.php': CopyFiles(install/js, js)
2026-05-14 21:44:42 - CRUPDCF1 - Run updater '/bitrix/updates/update_m1778784282/landing/updater26.300.0.php': CopyFiles(install/blocks, blocks)
2026-05-14 21:44:42 - CRUPDCDF2 - Run updater '/bitrix/updates/update_m1778784282/landing/updater26.300.0.php': Query(
				create table if not exists b_landing_vibe
				(
					ID int not null auto_increment,
					MODULE_ID varchar(255) not null,
					EMBED_ID varchar(255) not null,
					PROVIDER_CLASS varchar(255) not null,
					SITE_ID int not null,
					STATUS char(1) not null,
					PRIMARY KEY (ID),
					INDEX IX_LANDING_VIBE_MODULE_ID_EMBED_ID (MODULE_ID, EMBED_ID),
					INDEX IX_LANDING_VIBE_SITE_ID (SITE_ID)
				);
			, )
2026-05-14 21:44:43 - CUCDF - [UCDF061] Сбой на файле "/home/bitrix/www/bitrix/modules/landing/lang/ru/lib/Transfer/Import/Site.php". 
2026-05-14 21:44:43 - CUCDF - [UCDF061] Сбой на файле "/home/bitrix/www/bitrix/modules/landing/lang/ru/lib/Transfer/AppConfiguration.php". [UCDF061] Сбой на файле "/home/bitrix/www/bitrix/modules/landing/lang/ru/lib/Transfer/Import/Site.php". 
2026-05-14 21:44:43 - CUCDF - [UCDF061] Сбой на файле "/home/bitrix/www/bitrix/modules/landing/lang/ru/lib/Transfer/AppConfiguration.php". [UCDF061] Сбой на файле "/home/bitrix/www/bitrix/modules/landing/lang/ru/lib/Transfer/Import/Site.php". 
2026-05-14 21:44:43 - CUCDF - [UCDF061] Сбой на файле "/home/bitrix/www/bitrix/modules/landing/lang/ru/lib/Transfer/AppConfiguration.php". [UCDF061] Сбой на файле "/home/bitrix/www/bitrix/modules/landing/lang/ru/lib/Transfer/Import/Site.php". 
2026-05-14 21:44:43 - CUCDF - [UCDF061] Сбой на файле "/home/bitrix/www/bitrix/modules/landing/lang/en/lib/Transfer/Import/Site.php". 
2026-05-14 21:44:43 - CUCDF - [UCDF061] Сбой на файле "/home/bitrix/www/bitrix/modules/landing/lang/en/lib/Transfer/AppConfiguration.php". [UCDF061] Сбой на файле "/home/bitrix/www/bitrix/modules/landing/lang/en/lib/Transfer/Import/Site.php". 
2026-05-14 21:44:43 - CUCDF - [UCDF061] Сбой на файле "/home/bitrix/www/bitrix/modules/landing/lang/en/lib/Transfer/AppConfiguration.php". [UCDF061] Сбой на файле "/home/bitrix/www/bitrix/modules/landing/lang/en/lib/Transfer/Import/Site.php". 
2026-05-14 21:44:43 - CUCDF - [UCDF061] Сбой на файле "/home/bitrix/www/bitrix/modules/landing/lang/en/lib/Transfer/AppConfiguration.php". [UCDF061] Сбой на файле "/home/bitrix/www/bitrix/modules/landing/lang/en/lib/Transfer/Import/Site.php". 
2026-05-14 21:44:43 - CUCDF - [UCDF061] Сбой на файле "/home/bitrix/www/bitrix/modules/landing/lang/ru/lib/Transfer/AppConfiguration.php". [UCDF061] Сбой на файле "/home/bitrix/www/bitrix/modules/landing/lang/ru/lib/Transfer/Import/Site.php". [UCDF061] Сбой на файле "/home/bitrix/www/bitrix/modules/landing/lang/en/lib/Transfer/AppConfiguration.php". [UCDF061] Сбой на файле "/home/bitrix/www/bitrix/modules/landing/lang/en/lib/Transfer/Import/Site.php". 
2026-05-14 21:44:43 - CUCDF - [UCDF061] Сбой на файле "/home/bitrix/www/bitrix/modules/landing/lang/ru/lib/Transfer/AppConfiguration.php". [UCDF061] Сбой на файле "/home/bitrix/www/bitrix/modules/landing/lang/ru/lib/Transfer/Import/Site.php". [UCDF061] Сбой на файле "/home/bitrix/www/bitrix/modules/landing/lang/en/lib/Transfer/AppConfiguration.php". [UCDF061] Сбой на файле "/home/bitrix/www/bitrix/modules/landing/lang/en/lib/Transfer/Import/Site.php". 
2026-05-14 21:44:43 -  - TIME UpdateStepModules 0.438 sec
2026-05-14 21:44:43 - USM - [UCDF061] Сбой на файле "/home/bitrix/www/bitrix/modules/landing/lang/ru/lib/Transfer/AppConfiguration.php". [UCDF061] Сбой на файле "/home/bitrix/www/bitrix/modules/landing/lang/ru/lib/Transfer/Import/Site.php". [UCDF061] Сбой на файле "/home/bitrix/www/bitrix/modules/landing/lang/en/lib/Transfer/AppConfiguration.php". [UCDF061] Сбой на файле "/home/bitrix/www/bitrix/modules/landing/lang/en/lib/Transfer/Import/Site.php". 
2026-05-14 21:49:01 -  - exec CUpdateClient::GetUpdatesList
2026-05-14 21:49:01 -  - exec CUpdateClient::CollectRequestData
2026-05-14 21:49:01 -  - LICENSE_KEY=X&lang=ru&SUPD_VER=25.1100.0&VERSION=26.200.0&TYPENC=D&SUPD_STS=1&SUPD_URS=0&SUPD_DBS=MYSQL&XE=N&CLIENT_SITE=konkurs.loc&SERVER_NAME=&CHHB=e-board.loc&CSAB=192.168.107.4&SUID=yew6nqfvuk1kupmhrw03vm6jrimivago&CANGZIP=Y&CLIENT_PHPVER=8.4.21&stable=Y&mbfo=0&NGINX=Y&SMD=N&rerere=Y&bitm_main=26.200.0&bitm_vote=26.100.0&bitm_sale=26.100.0&bitm_ui=26.150.0&bitm_landing=26.300.0&bitm_mobileapp=25.0.100&bitm_form=26.0.0&bitm_perfmon=25.300.0&bitm_calendar=25.170.100&bitm_lists=26.0.0&bitm_highloadblock=25.100.0&bitm_security=26.0.100&bitm_translate=26.0.0&bitm_mail=26.100.200&bitm_location=25.400.0&bitm_learning=25.0.0&bitm_pull=25.300.0&bitm_catalog=25.600.0&bitm_abtest=26.0.0&bitm_socialservices=26.0.0&bitm_sender=26.200.0&bitm_wiki=25.0.0&bitm_bizprocdesigner=26.0.0&bitm_photogallery=25.100.0&bitm_blog=26.400.0&bitm_clouds=25.100.0&bitm_search=25.200.0&bitm_webservice=26.0.0&bitm_iblock=25.300.0&bitm_forum=26.0.100&bitm_subscribe=25.0.0&bitm_idea=25.0.0&bitm_support=26.0.0&bitm_messageservice=26.0.0&bitm_workflow=26.0.0&bitm_conversion=25.0.0&bitm_advertising=24.200.0&bitm_report=26.0.0&bitm_storeassist=24.0.0&bitm_bitrixcloud=25.100.0&bitm_statistic=26.0.0&bitm_seo=25.200.0&bitm_b24connector=25.0.0&bitm_currency=26.0.0&bitm_rest=26.200.100&bitm_fileman=25.200.200&bitm_bizproc=26.400.0&bitl_ru=&bitl_en=&SUPD_SRS=RU&SUPD_CMP=N&SALE_15=Y&LICENSE_SIGNED=%7Enew_license18_0_sign-Y
2026-05-14 21:49:01 -  - exec CUpdateClient::GetHTTPPage
2026-05-14 21:49:03 -  - TIME GetUpdatesList(request) 1.613 sec
2026-05-14 21:49:03 -  - exec CUpdateClient::ParseServerData
2026-05-14 21:49:13 -  - exec CUpdateClient::LoadModulesUpdates
2026-05-14 21:49:13 -  - exec CUpdateClient::CollectRequestData
2026-05-14 21:49:13 -  - LICENSE_KEY=X&lang=ru&SUPD_VER=25.1100.0&VERSION=26.200.0&TYPENC=D&SUPD_STS=1&SUPD_URS=0&SUPD_DBS=MYSQL&XE=N&CLIENT_SITE=konkurs.loc&SERVER_NAME=&CHHB=e-board.loc&CSAB=192.168.107.4&SUID=yew6nqfvuk1kupmhrw03vm6jrimivago&CANGZIP=Y&CLIENT_PHPVER=8.4.21&stable=Y&mbfo=0&NGINX=Y&SMD=N&rerere=Y&bitm_main=26.200.0&bitm_vote=26.100.0&bitm_sale=26.100.0&bitm_ui=26.150.0&bitm_landing=26.300.0&bitm_mobileapp=25.0.100&bitm_form=26.0.0&bitm_perfmon=25.300.0&bitm_calendar=25.170.100&bitm_lists=26.0.0&bitm_highloadblock=25.100.0&bitm_security=26.0.100&bitm_translate=26.0.0&bitm_mail=26.100.200&bitm_location=25.400.0&bitm_learning=25.0.0&bitm_pull=25.300.0&bitm_catalog=25.600.0&bitm_abtest=26.0.0&bitm_socialservices=26.0.0&bitm_sender=26.200.0&bitm_wiki=25.0.0&bitm_bizprocdesigner=26.0.0&bitm_photogallery=25.100.0&bitm_blog=26.400.0&bitm_clouds=25.100.0&bitm_search=25.200.0&bitm_webservice=26.0.0&bitm_iblock=25.300.0&bitm_forum=26.0.100&bitm_subscribe=25.0.0&bitm_idea=25.0.0&bitm_support=26.0.0&bitm_messageservice=26.0.0&bitm_workflow=26.0.0&bitm_conversion=25.0.0&bitm_advertising=24.200.0&bitm_report=26.0.0&bitm_storeassist=24.0.0&bitm_bitrixcloud=25.100.0&bitm_statistic=26.0.0&bitm_seo=25.200.0&bitm_b24connector=25.0.0&bitm_currency=26.0.0&bitm_rest=26.200.100&bitm_fileman=25.200.200&bitm_bizproc=26.400.0&bitl_ru=&bitl_en=&requested_modules=main%2Cmail%2Cbizproc%2Cbizprocdesigner%2Cui%2Clanding%2Clocation&SUPD_SRS=RU&SUPD_CMP=N&SALE_15=Y&LICENSE_SIGNED=%7Enew_license18_0_sign-Y
2026-05-14 21:49:13 -  - exec CUpdateClient::GetHTTPPage
2026-05-14 21:49:14 -  - TIME LoadModulesUpdates(request) 1.49 sec
2026-05-14 21:49:14 -  - exec CUpdateClient::ParseServerData
2026-05-14 21:49:14 - S - STEP
2026-05-14 21:49:14 - LMU01 - LoadModulesUpdates-Step
2026-05-14 21:49:14 -  - exec CUpdateClient::LoadModulesUpdates
2026-05-14 21:49:14 -  - exec CUpdateClient::ParseServerData
2026-05-14 21:49:14 -  - loadFile
2026-05-14 21:49:15 - U - RETURN
2026-05-14 21:49:15 -  - exec CUpdateClient::UnGzipArchive
2026-05-14 21:49:15 -  - TIME UnGzipArchive 0.024 sec
2026-05-14 21:49:15 -  - TIME UpdateStepModules 0.003 sec
2026-05-14 21:49:15 - UPD_SUCCESS - Updated: landing (26.300.100)<br><li>Улучшена производительность вайбов.
2026-05-14 21:49:15 -  - exec CUpdateClient::LoadModulesUpdates
2026-05-14 21:49:15 -  - exec CUpdateClient::CollectRequestData
2026-05-14 21:49:15 -  - LICENSE_KEY=X&lang=ru&SUPD_VER=25.1100.0&VERSION=26.200.0&TYPENC=D&SUPD_STS=1&SUPD_URS=0&SUPD_DBS=MYSQL&XE=N&CLIENT_SITE=konkurs.loc&SERVER_NAME=&CHHB=e-board.loc&CSAB=192.168.107.4&SUID=yew6nqfvuk1kupmhrw03vm6jrimivago&CANGZIP=Y&CLIENT_PHPVER=8.4.21&stable=Y&mbfo=0&NGINX=Y&SMD=N&rerere=Y&bitm_main=26.200.0&bitm_vote=26.100.0&bitm_sale=26.100.0&bitm_ui=26.150.0&bitm_landing=26.300.100&bitm_mobileapp=25.0.100&bitm_form=26.0.0&bitm_perfmon=25.300.0&bitm_calendar=25.170.100&bitm_lists=26.0.0&bitm_highloadblock=25.100.0&bitm_security=26.0.100&bitm_translate=26.0.0&bitm_mail=26.100.200&bitm_location=25.400.0&bitm_learning=25.0.0&bitm_pull=25.300.0&bitm_catalog=25.600.0&bitm_abtest=26.0.0&bitm_socialservices=26.0.0&bitm_sender=26.200.0&bitm_wiki=25.0.0&bitm_bizprocdesigner=26.0.0&bitm_photogallery=25.100.0&bitm_blog=26.400.0&bitm_clouds=25.100.0&bitm_search=25.200.0&bitm_webservice=26.0.0&bitm_iblock=25.300.0&bitm_forum=26.0.100&bitm_subscribe=25.0.0&bitm_idea=25.0.0&bitm_support=26.0.0&bitm_messageservice=26.0.0&bitm_workflow=26.0.0&bitm_conversion=25.0.0&bitm_advertising=24.200.0&bitm_report=26.0.0&bitm_storeassist=24.0.0&bitm_bitrixcloud=25.100.0&bitm_statistic=26.0.0&bitm_seo=25.200.0&bitm_b24connector=25.0.0&bitm_currency=26.0.0&bitm_rest=26.200.100&bitm_fileman=25.200.200&bitm_bizproc=26.400.0&bitl_ru=&bitl_en=&requested_modules=main%2Cmail%2Cbizproc%2Cbizprocdesigner%2Cui%2Clanding%2Clocation&SUPD_SRS=RU&SUPD_CMP=N&SALE_15=Y&LICENSE_SIGNED=%7Enew_license18_0_sign-Y
2026-05-14 21:49:15 -  - exec CUpdateClient::GetHTTPPage
2026-05-14 21:49:16 -  - TIME LoadModulesUpdates(request) 1.52 sec
2026-05-14 21:49:16 -  - exec CUpdateClient::ParseServerData
2026-05-14 21:49:17 - S - STEP
2026-05-14 21:49:17 - LMU01 - LoadModulesUpdates-Step
2026-05-14 21:49:17 -  - exec CUpdateClient::LoadModulesUpdates
2026-05-14 21:49:17 -  - exec CUpdateClient::ParseServerData
2026-05-14 21:49:17 -  - loadFile
2026-05-14 21:49:17 - U - RETURN
2026-05-14 21:49:17 -  - exec CUpdateClient::UnGzipArchive
2026-05-14 21:49:17 -  - TIME UnGzipArchive 0.023 sec
2026-05-14 21:49:17 - CSURUS1 - Run updater '/bitrix/updates/update_m1778784557/location/updater26.0.0/index.php'
2026-05-14 21:49:17 - CRUPDCF1 - Run updater '/bitrix/updates/update_m1778784557/location/updater26.0.0/index.php': CopyFiles(install/js, js)
2026-05-14 21:49:17 -  - TIME UpdateStepModules 0.023 sec
2026-05-14 21:49:17 - UPD_SUCCESS - Updated: location (26.0.0)<br><li>Исправлена проблема \"В модуле location модифицированы файлы и найдены неизвестные файлы\". 
2026-05-14 21:49:18 -  - exec CUpdateClient::LoadModulesUpdates
2026-05-14 21:49:18 -  - exec CUpdateClient::CollectRequestData
2026-05-14 21:49:18 -  - LICENSE_KEY=X&lang=ru&SUPD_VER=25.1100.0&VERSION=26.200.0&TYPENC=D&SUPD_STS=1&SUPD_URS=0&SUPD_DBS=MYSQL&XE=N&CLIENT_SITE=konkurs.loc&SERVER_NAME=&CHHB=e-board.loc&CSAB=192.168.107.4&SUID=yew6nqfvuk1kupmhrw03vm6jrimivago&CANGZIP=Y&CLIENT_PHPVER=8.4.21&stable=Y&mbfo=0&NGINX=Y&SMD=N&rerere=Y&bitm_main=26.200.0&bitm_vote=26.100.0&bitm_sale=26.100.0&bitm_ui=26.150.0&bitm_landing=26.300.100&bitm_mobileapp=25.0.100&bitm_form=26.0.0&bitm_perfmon=25.300.0&bitm_calendar=25.170.100&bitm_lists=26.0.0&bitm_highloadblock=25.100.0&bitm_security=26.0.100&bitm_translate=26.0.0&bitm_mail=26.100.200&bitm_location=26.0.0&bitm_learning=25.0.0&bitm_pull=25.300.0&bitm_catalog=25.600.0&bitm_abtest=26.0.0&bitm_socialservices=26.0.0&bitm_sender=26.200.0&bitm_wiki=25.0.0&bitm_bizprocdesigner=26.0.0&bitm_photogallery=25.100.0&bitm_blog=26.400.0&bitm_clouds=25.100.0&bitm_search=25.200.0&bitm_webservice=26.0.0&bitm_iblock=25.300.0&bitm_forum=26.0.100&bitm_subscribe=25.0.0&bitm_idea=25.0.0&bitm_support=26.0.0&bitm_messageservice=26.0.0&bitm_workflow=26.0.0&bitm_conversion=25.0.0&bitm_advertising=24.200.0&bitm_report=26.0.0&bitm_storeassist=24.0.0&bitm_bitrixcloud=25.100.0&bitm_statistic=26.0.0&bitm_seo=25.200.0&bitm_b24connector=25.0.0&bitm_currency=26.0.0&bitm_rest=26.200.100&bitm_fileman=25.200.200&bitm_bizproc=26.400.0&bitl_ru=&bitl_en=&requested_modules=main%2Cmail%2Cbizproc%2Cbizprocdesigner%2Cui%2Clanding%2Clocation&SUPD_SRS=RU&SUPD_CMP=N&SALE_15=Y&LICENSE_SIGNED=%7Enew_license18_0_sign-Y
2026-05-14 21:49:18 -  - exec CUpdateClient::GetHTTPPage
2026-05-14 21:49:19 -  - TIME LoadModulesUpdates(request) 1.568 sec
2026-05-14 21:49:19 -  - exec CUpdateClient::ParseServerData
2026-05-14 21:49:19 - S - STEP
2026-05-14 21:49:19 - LMU01 - LoadModulesUpdates-Step
2026-05-14 21:49:19 -  - exec CUpdateClient::LoadModulesUpdates
2026-05-14 21:49:19 -  - exec CUpdateClient::ParseServerData
2026-05-14 21:49:19 -  - loadFile
2026-05-14 21:49:20 - U - RETURN
2026-05-14 21:49:20 -  - exec CUpdateClient::UnGzipArchive
2026-05-14 21:49:20 -  - TIME UnGzipArchive 0.045 sec
2026-05-14 21:49:20 - CSURUS1 - Run updater '/bitrix/updates/update_m1778784560/ui/updater26.175.0.php'
2026-05-14 21:49:20 - CRUPDCF1 - Run updater '/bitrix/updates/update_m1778784560/ui/updater26.175.0.php': CopyFiles(install/js, js)
2026-05-14 21:49:20 - CSURUS1 - Run updater '/bitrix/updates/update_m1778784560/main/updater26.250.0.php'
2026-05-14 21:49:20 - CRUPDCF1 - Run updater '/bitrix/updates/update_m1778784560/main/updater26.250.0.php': CopyFiles(install/components, components)
2026-05-14 21:49:20 - CRUPDCF1 - Run updater '/bitrix/updates/update_m1778784560/main/updater26.250.0.php': CopyFiles(install/js, js)
2026-05-14 21:49:20 -  - TIME UpdateStepModules 0.038 sec
2026-05-14 21:49:20 - UPD_SUCCESS - Updated: main (26.250.0)<br><li>Улучшена настройка имени почтового отправителя. 
2026-05-14 21:49:20 - UPD_SUCCESS - Updated: ui (26.175.0)<br><li>Улучшена настройка имени почтового отправителя. 
2026-05-14 21:49:20 -  - exec CUpdateClient::LoadModulesUpdates
2026-05-14 21:49:20 -  - exec CUpdateClient::CollectRequestData
2026-05-14 21:49:20 -  - LICENSE_KEY=X&lang=ru&SUPD_VER=25.1100.0&VERSION=26.250.0&TYPENC=D&SUPD_STS=1&SUPD_URS=0&SUPD_DBS=MYSQL&XE=N&CLIENT_SITE=konkurs.loc&SERVER_NAME=&CHHB=e-board.loc&CSAB=192.168.107.4&SUID=yew6nqfvuk1kupmhrw03vm6jrimivago&CANGZIP=Y&CLIENT_PHPVER=8.4.21&stable=Y&mbfo=0&NGINX=Y&SMD=N&rerere=Y&bitm_main=26.250.0&bitm_vote=26.100.0&bitm_sale=26.100.0&bitm_ui=26.175.0&bitm_landing=26.300.100&bitm_mobileapp=25.0.100&bitm_form=26.0.0&bitm_perfmon=25.300.0&bitm_calendar=25.170.100&bitm_lists=26.0.0&bitm_highloadblock=25.100.0&bitm_security=26.0.100&bitm_translate=26.0.0&bitm_mail=26.100.200&bitm_location=26.0.0&bitm_learning=25.0.0&bitm_pull=25.300.0&bitm_catalog=25.600.0&bitm_abtest=26.0.0&bitm_socialservices=26.0.0&bitm_sender=26.200.0&bitm_wiki=25.0.0&bitm_bizprocdesigner=26.0.0&bitm_photogallery=25.100.0&bitm_blog=26.400.0&bitm_clouds=25.100.0&bitm_search=25.200.0&bitm_webservice=26.0.0&bitm_iblock=25.300.0&bitm_forum=26.0.100&bitm_subscribe=25.0.0&bitm_idea=25.0.0&bitm_support=26.0.0&bitm_messageservice=26.0.0&bitm_workflow=26.0.0&bitm_conversion=25.0.0&bitm_advertising=24.200.0&bitm_report=26.0.0&bitm_storeassist=24.0.0&bitm_bitrixcloud=25.100.0&bitm_statistic=26.0.0&bitm_seo=25.200.0&bitm_b24connector=25.0.0&bitm_currency=26.0.0&bitm_rest=26.200.100&bitm_fileman=25.200.200&bitm_bizproc=26.400.0&bitl_ru=&bitl_en=&requested_modules=main%2Cmail%2Cbizproc%2Cbizprocdesigner%2Cui%2Clanding%2Clocation&SUPD_SRS=RU&SUPD_CMP=N&SALE_15=Y&LICENSE_SIGNED=%7Enew_license18_0_sign-Y
2026-05-14 21:49:20 -  - exec CUpdateClient::GetHTTPPage
2026-05-14 21:49:22 -  - TIME LoadModulesUpdates(request) 1.529 sec
2026-05-14 21:49:22 -  - exec CUpdateClient::ParseServerData
2026-05-14 21:49:22 - S - STEP
2026-05-14 21:49:22 - LMU01 - LoadModulesUpdates-Step
2026-05-14 21:49:22 -  - exec CUpdateClient::LoadModulesUpdates
2026-05-14 21:49:22 -  - exec CUpdateClient::ParseServerData
2026-05-14 21:49:22 -  - loadFile
2026-05-14 21:49:22 - U - RETURN
2026-05-14 21:49:22 -  - exec CUpdateClient::UnGzipArchive
2026-05-14 21:49:22 -  - TIME UnGzipArchive 0.01 sec
2026-05-14 21:49:22 -  - TIME UpdateStepModules 0.007 sec
2026-05-14 21:49:22 - UPD_SUCCESS - Updated: main (26.250.100)<br><li>Пользователь с типом rest_system исключается из списка пользователей для отображения. 
2026-05-14 21:49:23 -  - exec CUpdateClient::LoadModulesUpdates
2026-05-14 21:49:23 -  - exec CUpdateClient::CollectRequestData
2026-05-14 21:49:23 -  - LICENSE_KEY=X&lang=ru&SUPD_VER=25.1100.0&VERSION=26.250.100&TYPENC=D&SUPD_STS=1&SUPD_URS=0&SUPD_DBS=MYSQL&XE=N&CLIENT_SITE=konkurs.loc&SERVER_NAME=&CHHB=e-board.loc&CSAB=192.168.107.4&SUID=yew6nqfvuk1kupmhrw03vm6jrimivago&CANGZIP=Y&CLIENT_PHPVER=8.4.21&stable=Y&mbfo=0&NGINX=Y&SMD=N&rerere=Y&bitm_main=26.250.100&bitm_vote=26.100.0&bitm_sale=26.100.0&bitm_ui=26.175.0&bitm_landing=26.300.100&bitm_mobileapp=25.0.100&bitm_form=26.0.0&bitm_perfmon=25.300.0&bitm_calendar=25.170.100&bitm_lists=26.0.0&bitm_highloadblock=25.100.0&bitm_security=26.0.100&bitm_translate=26.0.0&bitm_mail=26.100.200&bitm_location=26.0.0&bitm_learning=25.0.0&bitm_pull=25.300.0&bitm_catalog=25.600.0&bitm_abtest=26.0.0&bitm_socialservices=26.0.0&bitm_sender=26.200.0&bitm_wiki=25.0.0&bitm_bizprocdesigner=26.0.0&bitm_photogallery=25.100.0&bitm_blog=26.400.0&bitm_clouds=25.100.0&bitm_search=25.200.0&bitm_webservice=26.0.0&bitm_iblock=25.300.0&bitm_forum=26.0.100&bitm_subscribe=25.0.0&bitm_idea=25.0.0&bitm_support=26.0.0&bitm_messageservice=26.0.0&bitm_workflow=26.0.0&bitm_conversion=25.0.0&bitm_advertising=24.200.0&bitm_report=26.0.0&bitm_storeassist=24.0.0&bitm_bitrixcloud=25.100.0&bitm_statistic=26.0.0&bitm_seo=25.200.0&bitm_b24connector=25.0.0&bitm_currency=26.0.0&bitm_rest=26.200.100&bitm_fileman=25.200.200&bitm_bizproc=26.400.0&bitl_ru=&bitl_en=&requested_modules=main%2Cmail%2Cbizproc%2Cbizprocdesigner%2Cui%2Clanding%2Clocation&SUPD_SRS=RU&SUPD_CMP=N&SALE_15=Y&LICENSE_SIGNED=%7Enew_license18_0_sign-Y
2026-05-14 21:49:23 -  - exec CUpdateClient::GetHTTPPage
2026-05-14 21:49:24 -  - TIME LoadModulesUpdates(request) 1.572 sec
2026-05-14 21:49:24 -  - exec CUpdateClient::ParseServerData
2026-05-14 21:49:24 - S - STEP
2026-05-14 21:49:24 - LMU01 - LoadModulesUpdates-Step
2026-05-14 21:49:24 -  - exec CUpdateClient::LoadModulesUpdates
2026-05-14 21:49:24 -  - exec CUpdateClient::ParseServerData
2026-05-14 21:49:24 -  - loadFile
2026-05-14 21:49:25 - U - RETURN
2026-05-14 21:49:25 -  - exec CUpdateClient::UnGzipArchive
2026-05-14 21:49:25 -  - TIME UnGzipArchive 0.053 sec
2026-05-14 21:49:25 - CSURUS1 - Run updater '/bitrix/updates/update_m1778784565/mail/updater26.200.0.php'
2026-05-14 21:49:25 - CRUPDCF1 - Run updater '/bitrix/updates/update_m1778784565/mail/updater26.200.0.php': CopyFiles(install/components, components)
2026-05-14 21:49:25 - CRUPDCF1 - Run updater '/bitrix/updates/update_m1778784565/mail/updater26.200.0.php': CopyFiles(install/js, js)
2026-05-14 21:49:25 -  - TIME UpdateStepModules 0.055 sec
2026-05-14 21:49:25 - UPD_SUCCESS - Updated: mail (26.200.0)<br><li>Исправлен ряд ошибок.
2026-05-14 21:49:25 -  - exec CUpdateClient::LoadModulesUpdates
2026-05-14 21:49:25 -  - exec CUpdateClient::CollectRequestData
2026-05-14 21:49:25 -  - LICENSE_KEY=X&lang=ru&SUPD_VER=25.1100.0&VERSION=26.250.100&TYPENC=D&SUPD_STS=1&SUPD_URS=0&SUPD_DBS=MYSQL&XE=N&CLIENT_SITE=konkurs.loc&SERVER_NAME=&CHHB=e-board.loc&CSAB=192.168.107.4&SUID=yew6nqfvuk1kupmhrw03vm6jrimivago&CANGZIP=Y&CLIENT_PHPVER=8.4.21&stable=Y&mbfo=0&NGINX=Y&SMD=N&rerere=Y&bitm_main=26.250.100&bitm_vote=26.100.0&bitm_sale=26.100.0&bitm_ui=26.175.0&bitm_landing=26.300.100&bitm_mobileapp=25.0.100&bitm_form=26.0.0&bitm_perfmon=25.300.0&bitm_calendar=25.170.100&bitm_lists=26.0.0&bitm_highloadblock=25.100.0&bitm_security=26.0.100&bitm_translate=26.0.0&bitm_mail=26.200.0&bitm_location=26.0.0&bitm_learning=25.0.0&bitm_pull=25.300.0&bitm_catalog=25.600.0&bitm_abtest=26.0.0&bitm_socialservices=26.0.0&bitm_sender=26.200.0&bitm_wiki=25.0.0&bitm_bizprocdesigner=26.0.0&bitm_photogallery=25.100.0&bitm_blog=26.400.0&bitm_clouds=25.100.0&bitm_search=25.200.0&bitm_webservice=26.0.0&bitm_iblock=25.300.0&bitm_forum=26.0.100&bitm_subscribe=25.0.0&bitm_idea=25.0.0&bitm_support=26.0.0&bitm_messageservice=26.0.0&bitm_workflow=26.0.0&bitm_conversion=25.0.0&bitm_advertising=24.200.0&bitm_report=26.0.0&bitm_storeassist=24.0.0&bitm_bitrixcloud=25.100.0&bitm_statistic=26.0.0&bitm_seo=25.200.0&bitm_b24connector=25.0.0&bitm_currency=26.0.0&bitm_rest=26.200.100&bitm_fileman=25.200.200&bitm_bizproc=26.400.0&bitl_ru=&bitl_en=&requested_modules=main%2Cmail%2Cbizproc%2Cbizprocdesigner%2Cui%2Clanding%2Clocation&SUPD_SRS=RU&SUPD_CMP=N&SALE_15=Y&LICENSE_SIGNED=%7Enew_license18_0_sign-Y
2026-05-14 21:49:25 -  - exec CUpdateClient::GetHTTPPage
2026-05-14 21:49:27 -  - TIME LoadModulesUpdates(request) 1.527 sec
2026-05-14 21:49:27 -  - exec CUpdateClient::ParseServerData
2026-05-14 21:49:27 - S - STEP
2026-05-14 21:49:27 - LMU01 - LoadModulesUpdates-Step
2026-05-14 21:49:27 -  - exec CUpdateClient::LoadModulesUpdates
2026-05-14 21:49:27 -  - exec CUpdateClient::ParseServerData
2026-05-14 21:49:27 -  - loadFile
2026-05-14 21:49:28 - U - RETURN
2026-05-14 21:49:28 -  - exec CUpdateClient::UnGzipArchive
2026-05-14 21:49:28 -  - TIME UnGzipArchive 0.016 sec
2026-05-14 21:49:28 - CSURUS1 - Run updater '/bitrix/updates/update_m1778784568/mail/updater26.200.100.php'
2026-05-14 21:49:28 - CRUPDCF1 - Run updater '/bitrix/updates/update_m1778784568/mail/updater26.200.100.php': CopyFiles(install/components, components)
2026-05-14 21:49:28 -  - TIME UpdateStepModules 0.008 sec
2026-05-14 21:49:28 - UPD_SUCCESS - Updated: mail (26.200.100)<br><li>Исправлено отображение пустой страницы почты на некоторых языках.
2026-05-14 21:49:28 -  - exec CUpdateClient::LoadModulesUpdates
2026-05-14 21:49:28 -  - exec CUpdateClient::CollectRequestData
2026-05-14 21:49:28 -  - LICENSE_KEY=X&lang=ru&SUPD_VER=25.1100.0&VERSION=26.250.100&TYPENC=D&SUPD_STS=1&SUPD_URS=0&SUPD_DBS=MYSQL&XE=N&CLIENT_SITE=konkurs.loc&SERVER_NAME=&CHHB=e-board.loc&CSAB=192.168.107.4&SUID=yew6nqfvuk1kupmhrw03vm6jrimivago&CANGZIP=Y&CLIENT_PHPVER=8.4.21&stable=Y&mbfo=0&NGINX=Y&SMD=N&rerere=Y&bitm_main=26.250.100&bitm_vote=26.100.0&bitm_sale=26.100.0&bitm_ui=26.175.0&bitm_landing=26.300.100&bitm_mobileapp=25.0.100&bitm_form=26.0.0&bitm_perfmon=25.300.0&bitm_calendar=25.170.100&bitm_lists=26.0.0&bitm_highloadblock=25.100.0&bitm_security=26.0.100&bitm_translate=26.0.0&bitm_mail=26.200.100&bitm_location=26.0.0&bitm_learning=25.0.0&bitm_pull=25.300.0&bitm_catalog=25.600.0&bitm_abtest=26.0.0&bitm_socialservices=26.0.0&bitm_sender=26.200.0&bitm_wiki=25.0.0&bitm_bizprocdesigner=26.0.0&bitm_photogallery=25.100.0&bitm_blog=26.400.0&bitm_clouds=25.100.0&bitm_search=25.200.0&bitm_webservice=26.0.0&bitm_iblock=25.300.0&bitm_forum=26.0.100&bitm_subscribe=25.0.0&bitm_idea=25.0.0&bitm_support=26.0.0&bitm_messageservice=26.0.0&bitm_workflow=26.0.0&bitm_conversion=25.0.0&bitm_advertising=24.200.0&bitm_report=26.0.0&bitm_storeassist=24.0.0&bitm_bitrixcloud=25.100.0&bitm_statistic=26.0.0&bitm_seo=25.200.0&bitm_b24connector=25.0.0&bitm_currency=26.0.0&bitm_rest=26.200.100&bitm_fileman=25.200.200&bitm_bizproc=26.400.0&bitl_ru=&bitl_en=&requested_modules=main%2Cmail%2Cbizproc%2Cbizprocdesigner%2Cui%2Clanding%2Clocation&SUPD_SRS=RU&SUPD_CMP=N&SALE_15=Y&LICENSE_SIGNED=%7Enew_license18_0_sign-Y
2026-05-14 21:49:28 -  - exec CUpdateClient::GetHTTPPage
2026-05-14 21:49:29 -  - TIME LoadModulesUpdates(request) 1.594 sec
2026-05-14 21:49:29 -  - exec CUpdateClient::ParseServerData
2026-05-14 21:49:29 - S - STEP
2026-05-14 21:49:29 - LMU01 - LoadModulesUpdates-Step
2026-05-14 21:49:29 -  - exec CUpdateClient::LoadModulesUpdates
2026-05-14 21:49:29 -  - exec CUpdateClient::ParseServerData
2026-05-14 21:49:29 -  - loadFile
2026-05-14 21:49:32 - U - RETURN
2026-05-14 21:49:32 -  - exec CUpdateClient::UnGzipArchive
2026-05-14 21:49:33 -  - TIME UnGzipArchive 0.189 sec
2026-05-14 21:49:33 - CSURUS1 - Run updater '/bitrix/updates/update_m1778784572/ui/updater26.200.0.php'
2026-05-14 21:49:33 - CRUPDCF1 - Run updater '/bitrix/updates/update_m1778784572/ui/updater26.200.0.php': CopyFiles(install/js, js)
2026-05-14 21:49:33 -  - TIME UpdateStepModules 0.322 sec
2026-05-14 21:49:33 - UPD_SUCCESS - Updated: ui (26.200.0)<br><li>Исправлена ошибка, при которой не раскрывался список отделов при открытии, если в недавних отображался корневой отдел. <li>Внедрены уведомления в новом стиле с поддержкой Vue-версии. <li>В расширении ui.buttons добавлен видимый фокус для кнопок при навигации с помощью клавиатуры. 
2026-05-14 21:49:33 -  - exec CUpdateClient::LoadModulesUpdates
2026-05-14 21:49:33 -  - exec CUpdateClient::CollectRequestData
2026-05-14 21:49:33 -  - LICENSE_KEY=X&lang=ru&SUPD_VER=25.1100.0&VERSION=26.250.100&TYPENC=D&SUPD_STS=1&SUPD_URS=0&SUPD_DBS=MYSQL&XE=N&CLIENT_SITE=konkurs.loc&SERVER_NAME=&CHHB=e-board.loc&CSAB=192.168.107.4&SUID=yew6nqfvuk1kupmhrw03vm6jrimivago&CANGZIP=Y&CLIENT_PHPVER=8.4.21&stable=Y&mbfo=0&NGINX=Y&SMD=N&rerere=Y&bitm_main=26.250.100&bitm_vote=26.100.0&bitm_sale=26.100.0&bitm_ui=26.200.0&bitm_landing=26.300.100&bitm_mobileapp=25.0.100&bitm_form=26.0.0&bitm_perfmon=25.300.0&bitm_calendar=25.170.100&bitm_lists=26.0.0&bitm_highloadblock=25.100.0&bitm_security=26.0.100&bitm_translate=26.0.0&bitm_mail=26.200.100&bitm_location=26.0.0&bitm_learning=25.0.0&bitm_pull=25.300.0&bitm_catalog=25.600.0&bitm_abtest=26.0.0&bitm_socialservices=26.0.0&bitm_sender=26.200.0&bitm_wiki=25.0.0&bitm_bizprocdesigner=26.0.0&bitm_photogallery=25.100.0&bitm_blog=26.400.0&bitm_clouds=25.100.0&bitm_search=25.200.0&bitm_webservice=26.0.0&bitm_iblock=25.300.0&bitm_forum=26.0.100&bitm_subscribe=25.0.0&bitm_idea=25.0.0&bitm_support=26.0.0&bitm_messageservice=26.0.0&bitm_workflow=26.0.0&bitm_conversion=25.0.0&bitm_advertising=24.200.0&bitm_report=26.0.0&bitm_storeassist=24.0.0&bitm_bitrixcloud=25.100.0&bitm_statistic=26.0.0&bitm_seo=25.200.0&bitm_b24connector=25.0.0&bitm_currency=26.0.0&bitm_rest=26.200.100&bitm_fileman=25.200.200&bitm_bizproc=26.400.0&bitl_ru=&bitl_en=&requested_modules=main%2Cmail%2Cbizproc%2Cbizprocdesigner%2Cui%2Clanding%2Clocation&SUPD_SRS=RU&SUPD_CMP=N&SALE_15=Y&LICENSE_SIGNED=%7Enew_license18_0_sign-Y
2026-05-14 21:49:33 -  - exec CUpdateClient::GetHTTPPage
2026-05-14 21:49:35 -  - TIME LoadModulesUpdates(request) 1.571 sec
2026-05-14 21:49:35 -  - exec CUpdateClient::ParseServerData
2026-05-14 21:49:35 - S - STEP
2026-05-14 21:49:35 - LMU01 - LoadModulesUpdates-Step
2026-05-14 21:49:35 -  - exec CUpdateClient::LoadModulesUpdates
2026-05-14 21:49:35 -  - exec CUpdateClient::ParseServerData
2026-05-14 21:49:35 -  - loadFile
2026-05-14 21:49:36 - U - RETURN
2026-05-14 21:49:36 -  - exec CUpdateClient::UnGzipArchive
2026-05-14 21:49:36 -  - TIME UnGzipArchive 0.069 sec
2026-05-14 21:49:36 - CSURUS1 - Run updater '/bitrix/updates/update_m1778784576/bizprocdesigner/updater26.100.0.php'
2026-05-14 21:49:36 - CRUPDCF1 - Run updater '/bitrix/updates/update_m1778784576/bizprocdesigner/updater26.100.0.php': CopyFiles(install/components, components)
2026-05-14 21:49:36 - CRUPDCF1 - Run updater '/bitrix/updates/update_m1778784576/bizprocdesigner/updater26.100.0.php': CopyFiles(install/js, js)
2026-05-14 21:49:36 - CRUPDCF1 - Run updater '/bitrix/updates/update_m1778784576/bizprocdesigner/updater26.100.0.php': CopyFiles(install/tools, tools)
2026-05-14 21:49:36 -  - TIME UpdateStepModules 0.079 sec
2026-05-14 21:49:36 - UPD_SUCCESS - Updated: bizprocdesigner (26.100.0)<br><li>Добавлена возможность копирования группы нод. <li>Добавлен поворот связей между нодами. <li>Добавлена нода получения данных из календаря. <li>Определены стандартные размеры для комплексной ноды, добавлены плейсхолдеры. <li>Исправлены ошибки пользовательских интерфейсов.
2026-05-14 21:49:36 -  - exec CUpdateClient::LoadModulesUpdates
2026-05-14 21:49:36 -  - exec CUpdateClient::CollectRequestData
2026-05-14 21:49:36 -  - LICENSE_KEY=X&lang=ru&SUPD_VER=25.1100.0&VERSION=26.250.100&TYPENC=D&SUPD_STS=1&SUPD_URS=0&SUPD_DBS=MYSQL&XE=N&CLIENT_SITE=konkurs.loc&SERVER_NAME=&CHHB=e-board.loc&CSAB=192.168.107.4&SUID=yew6nqfvuk1kupmhrw03vm6jrimivago&CANGZIP=Y&CLIENT_PHPVER=8.4.21&stable=Y&mbfo=0&NGINX=Y&SMD=N&rerere=Y&bitm_main=26.250.100&bitm_vote=26.100.0&bitm_sale=26.100.0&bitm_ui=26.200.0&bitm_landing=26.300.100&bitm_mobileapp=25.0.100&bitm_form=26.0.0&bitm_perfmon=25.300.0&bitm_calendar=25.170.100&bitm_lists=26.0.0&bitm_highloadblock=25.100.0&bitm_security=26.0.100&bitm_translate=26.0.0&bitm_mail=26.200.100&bitm_location=26.0.0&bitm_learning=25.0.0&bitm_pull=25.300.0&bitm_catalog=25.600.0&bitm_abtest=26.0.0&bitm_socialservices=26.0.0&bitm_sender=26.200.0&bitm_wiki=25.0.0&bitm_bizprocdesigner=26.100.0&bitm_photogallery=25.100.0&bitm_blog=26.400.0&bitm_clouds=25.100.0&bitm_search=25.200.0&bitm_webservice=26.0.0&bitm_iblock=25.300.0&bitm_forum=26.0.100&bitm_subscribe=25.0.0&bitm_idea=25.0.0&bitm_support=26.0.0&bitm_messageservice=26.0.0&bitm_workflow=26.0.0&bitm_conversion=25.0.0&bitm_advertising=24.200.0&bitm_report=26.0.0&bitm_storeassist=24.0.0&bitm_bitrixcloud=25.100.0&bitm_statistic=26.0.0&bitm_seo=25.200.0&bitm_b24connector=25.0.0&bitm_currency=26.0.0&bitm_rest=26.200.100&bitm_fileman=25.200.200&bitm_bizproc=26.400.0&bitl_ru=&bitl_en=&requested_modules=main%2Cmail%2Cbizproc%2Cbizprocdesigner%2Cui%2Clanding%2Clocation&SUPD_SRS=RU&SUPD_CMP=N&SALE_15=Y&LICENSE_SIGNED=%7Enew_license18_0_sign-Y
2026-05-14 21:49:36 -  - exec CUpdateClient::GetHTTPPage
2026-05-14 21:49:38 -  - TIME LoadModulesUpdates(request) 1.554 sec
2026-05-14 21:49:38 -  - exec CUpdateClient::ParseServerData
2026-05-14 21:49:38 - S - STEP
2026-05-14 21:49:38 - LMU01 - LoadModulesUpdates-Step
2026-05-14 21:49:38 -  - exec CUpdateClient::LoadModulesUpdates
2026-05-14 21:49:38 -  - exec CUpdateClient::ParseServerData
2026-05-14 21:49:38 -  - loadFile
2026-05-14 21:49:43 - U - RETURN
2026-05-14 21:49:43 -  - exec CUpdateClient::UnGzipArchive
2026-05-14 21:49:43 -  - TIME UnGzipArchive 0.112 sec
2026-05-14 21:49:43 - CSURUS1 - Run updater '/bitrix/updates/update_m1778784583/bizproc/updater26.500.0.php'
2026-05-14 21:49:43 - CRUPDCDF2 - Run updater '/bitrix/updates/update_m1778784583/bizproc/updater26.500.0.php': Query(CREATE TABLE `b_bp_messenger_workflow_resume_message` 
				(
					`ID` bigint NOT NULL AUTO_INCREMENT, 
					`QUEUE_ID` varchar(255) NOT NULL, 
					`ITEM_ID` varchar(255), 
					`CLASS` varchar(255) NOT NULL, 
					`PAYLOAD` text NOT NULL, 
					`CREATED_AT` datetime NOT NULL, 
					`UPDATED_AT` datetime NOT NULL, 
					`TTL` int NOT NULL, 
					`AVAILABLE_AT` datetime NOT NULL, 
					`STATUS` varchar(255) NOT NULL, 
					PRIMARY KEY(`ID`),
					INDEX IX_QUEUE_ID_STATUS_AVAILABLE_AT (`QUEUE_ID`, `STATUS`, `AVAILABLE_AT`),
					INDEX IX_STATUS_AVAILABLE_AT (`STATUS`, `AVAILABLE_AT`)
				), )
2026-05-14 21:49:43 - CRUPDCDF2 - Run updater '/bitrix/updates/update_m1778784583/bizproc/updater26.500.0.php': Query(CREATE TABLE b_bp_workflow_trigger_schedule (
					ID int NOT NULL AUTO_INCREMENT,
					TEMPLATE_ID int NOT NULL,
					TRIGGER_NAME varchar(128) NOT NULL,
					SCHEDULE_TYPE varchar(16) NOT NULL,
					SCHEDULE_DATA mediumtext NOT NULL,
					NEXT_RUN_AT datetime NULL,
					LAST_RUN_AT datetime NULL,
					CREATED_AT datetime NOT NULL DEFAULT CURRENT_TIMESTAMP,
					UPDATED_AT datetime NOT NULL DEFAULT CURRENT_TIMESTAMP,
					PRIMARY KEY (ID),
					UNIQUE KEY ux_bp_wts_template_trigger (TEMPLATE_ID, TRIGGER_NAME),
					INDEX ix_bp_wts_next (NEXT_RUN_AT)
				), )
2026-05-14 21:49:43 - CRUPDCF1 - Run updater '/bitrix/updates/update_m1778784583/bizproc/updater26.500.0.php': CopyFiles(install/activities, activities)
2026-05-14 21:49:43 - CRUPDCF1 - Run updater '/bitrix/updates/update_m1778784583/bizproc/updater26.500.0.php': CopyFiles(install/components, components)
2026-05-14 21:49:43 - CRUPDCF1 - Run updater '/bitrix/updates/update_m1778784583/bizproc/updater26.500.0.php': CopyFiles(install/js, js)
2026-05-14 21:49:43 -  - TIME UpdateStepModules 0.234 sec
2026-05-14 21:49:43 - UPD_SUCCESS - Updated: bizproc (26.500.0)<br><li>Действие «Результат бизнес-процесса» добавлено в новый дизайнер бизнес-процессов. <li>Добавлен триггер запуска бизнес-процесса по расписанию. <li>Задания бизнес-процессов автоматически попадают в архив только при возрасте более одного года. 
2026-05-14 21:49:43 -  - exec CUpdateClient::LoadModulesUpdates
2026-05-14 21:49:43 -  - exec CUpdateClient::CollectRequestData
2026-05-14 21:49:43 -  - LICENSE_KEY=X&lang=ru&SUPD_VER=25.1100.0&VERSION=26.250.100&TYPENC=D&SUPD_STS=1&SUPD_URS=0&SUPD_DBS=MYSQL&XE=N&CLIENT_SITE=konkurs.loc&SERVER_NAME=&CHHB=e-board.loc&CSAB=192.168.107.4&SUID=yew6nqfvuk1kupmhrw03vm6jrimivago&CANGZIP=Y&CLIENT_PHPVER=8.4.21&stable=Y&mbfo=0&NGINX=Y&SMD=N&rerere=Y&bitm_main=26.250.100&bitm_vote=26.100.0&bitm_sale=26.100.0&bitm_ui=26.200.0&bitm_landing=26.300.100&bitm_mobileapp=25.0.100&bitm_form=26.0.0&bitm_perfmon=25.300.0&bitm_calendar=25.170.100&bitm_lists=26.0.0&bitm_highloadblock=25.100.0&bitm_security=26.0.100&bitm_translate=26.0.0&bitm_mail=26.200.100&bitm_location=26.0.0&bitm_learning=25.0.0&bitm_pull=25.300.0&bitm_catalog=25.600.0&bitm_abtest=26.0.0&bitm_socialservices=26.0.0&bitm_sender=26.200.0&bitm_wiki=25.0.0&bitm_bizprocdesigner=26.100.0&bitm_photogallery=25.100.0&bitm_blog=26.400.0&bitm_clouds=25.100.0&bitm_search=25.200.0&bitm_webservice=26.0.0&bitm_iblock=25.300.0&bitm_forum=26.0.100&bitm_subscribe=25.0.0&bitm_idea=25.0.0&bitm_support=26.0.0&bitm_messageservice=26.0.0&bitm_workflow=26.0.0&bitm_conversion=25.0.0&bitm_advertising=24.200.0&bitm_report=26.0.0&bitm_storeassist=24.0.0&bitm_bitrixcloud=25.100.0&bitm_statistic=26.0.0&bitm_seo=25.200.0&bitm_b24connector=25.0.0&bitm_currency=26.0.0&bitm_rest=26.200.100&bitm_fileman=25.200.200&bitm_bizproc=26.500.0&bitl_ru=&bitl_en=&requested_modules=main%2Cmail%2Cbizproc%2Cbizprocdesigner%2Cui%2Clanding%2Clocation&SUPD_SRS=RU&SUPD_CMP=N&SALE_15=Y&LICENSE_SIGNED=%7Enew_license18_0_sign-Y
2026-05-14 21:49:43 -  - exec CUpdateClient::GetHTTPPage
2026-05-14 21:49:46 -  - TIME LoadModulesUpdates(request) 2.525 sec
2026-05-14 21:49:46 -  - exec CUpdateClient::ParseServerData
2026-05-14 21:49:46 - S - STEP
2026-05-14 21:49:46 - LMU01 - LoadModulesUpdates-Step
2026-05-14 21:49:46 -  - exec CUpdateClient::LoadModulesUpdates
2026-05-14 21:49:46 -  - exec CUpdateClient::ParseServerData
2026-05-14 21:49:46 -  - loadFile
2026-05-14 21:49:47 - U - RETURN
2026-05-14 21:49:47 -  - exec CUpdateClient::UnGzipArchive
2026-05-14 21:49:47 -  - TIME UnGzipArchive 0.007 sec
2026-05-14 21:49:47 - CSURUS1 - Run updater '/bitrix/updates/update_m1778784587/bizproc/updater26.550.0.php'
2026-05-14 21:49:47 - CRUPDCF1 - Run updater '/bitrix/updates/update_m1778784587/bizproc/updater26.550.0.php': CopyFiles(install/activities, activities)
2026-05-14 21:49:47 - CRUPDCF1 - Run updater '/bitrix/updates/update_m1778784587/bizproc/updater26.550.0.php': CopyFiles(install/components, components)
2026-05-14 21:49:47 - CRUPDCF1 - Run updater '/bitrix/updates/update_m1778784587/bizproc/updater26.550.0.php': CopyFiles(install/js, js)
2026-05-14 21:49:47 -  - TIME UpdateStepModules 0.027 sec
2026-05-14 21:49:47 - UPD_SUCCESS - Updated: bizproc (26.550.0)<br><li>Восстановление таблицы b_bp_task из архивной таблицы b_bp_task_archive. 
2026-05-14 21:49:47 -  - exec CUpdateClient::LoadModulesUpdates
2026-05-14 21:49:47 -  - exec CUpdateClient::CollectRequestData
2026-05-14 21:49:47 -  - LICENSE_KEY=X&lang=ru&SUPD_VER=25.1100.0&VERSION=26.250.100&TYPENC=D&SUPD_STS=1&SUPD_URS=0&SUPD_DBS=MYSQL&XE=N&CLIENT_SITE=konkurs.loc&SERVER_NAME=&CHHB=e-board.loc&CSAB=192.168.107.4&SUID=yew6nqfvuk1kupmhrw03vm6jrimivago&CANGZIP=Y&CLIENT_PHPVER=8.4.21&stable=Y&mbfo=0&NGINX=Y&SMD=N&rerere=Y&bitm_main=26.250.100&bitm_vote=26.100.0&bitm_sale=26.100.0&bitm_ui=26.200.0&bitm_landing=26.300.100&bitm_mobileapp=25.0.100&bitm_form=26.0.0&bitm_perfmon=25.300.0&bitm_calendar=25.170.100&bitm_lists=26.0.0&bitm_highloadblock=25.100.0&bitm_security=26.0.100&bitm_translate=26.0.0&bitm_mail=26.200.100&bitm_location=26.0.0&bitm_learning=25.0.0&bitm_pull=25.300.0&bitm_catalog=25.600.0&bitm_abtest=26.0.0&bitm_socialservices=26.0.0&bitm_sender=26.200.0&bitm_wiki=25.0.0&bitm_bizprocdesigner=26.100.0&bitm_photogallery=25.100.0&bitm_blog=26.400.0&bitm_clouds=25.100.0&bitm_search=25.200.0&bitm_webservice=26.0.0&bitm_iblock=25.300.0&bitm_forum=26.0.100&bitm_subscribe=25.0.0&bitm_idea=25.0.0&bitm_support=26.0.0&bitm_messageservice=26.0.0&bitm_workflow=26.0.0&bitm_conversion=25.0.0&bitm_advertising=24.200.0&bitm_report=26.0.0&bitm_storeassist=24.0.0&bitm_bitrixcloud=25.100.0&bitm_statistic=26.0.0&bitm_seo=25.200.0&bitm_b24connector=25.0.0&bitm_currency=26.0.0&bitm_rest=26.200.100&bitm_fileman=25.200.200&bitm_bizproc=26.550.0&bitl_ru=&bitl_en=&requested_modules=main%2Cmail%2Cbizproc%2Cbizprocdesigner%2Cui%2Clanding%2Clocation&SUPD_SRS=RU&SUPD_CMP=N&SALE_15=Y&LICENSE_SIGNED=%7Enew_license18_0_sign-Y
2026-05-14 21:49:47 -  - exec CUpdateClient::GetHTTPPage
2026-05-14 21:49:48 -  - TIME LoadModulesUpdates(request) 1.504 sec
2026-05-14 21:49:48 -  - exec CUpdateClient::ParseServerData
2026-05-14 21:49:48 - S - STEP
2026-05-14 21:49:48 - LMU01 - LoadModulesUpdates-Step
2026-05-14 21:49:48 -  - exec CUpdateClient::LoadModulesUpdates
2026-05-14 21:49:48 -  - exec CUpdateClient::ParseServerData
2026-05-14 21:49:48 -  - loadFile
2026-05-14 21:49:49 - U - RETURN
2026-05-14 21:49:49 -  - exec CUpdateClient::UnGzipArchive
2026-05-14 21:49:49 -  - TIME UnGzipArchive 0.016 sec
2026-05-14 21:49:49 - CSURUS1 - Run updater '/bitrix/updates/update_m1778784589/bizproc/updater26.550.100.php'
2026-05-14 21:49:49 - CRUPDCF1 - Run updater '/bitrix/updates/update_m1778784589/bizproc/updater26.550.100.php': CopyFiles(install/activities, activities)
2026-05-14 21:49:49 -  - TIME UpdateStepModules 0.056 sec
2026-05-14 21:49:49 - UPD_SUCCESS - Updated: bizproc (26.550.100)<br><li>Изменение индексов таблицы b_bp_messenger_workflow_resume_message. 
2026-05-14 21:49:49 -  - exec CUpdateClient::LoadModulesUpdates
2026-05-14 21:49:49 -  - exec CUpdateClient::CollectRequestData
2026-05-14 21:49:49 -  - LICENSE_KEY=X&lang=ru&SUPD_VER=25.1100.0&VERSION=26.250.100&TYPENC=D&SUPD_STS=1&SUPD_URS=0&SUPD_DBS=MYSQL&XE=N&CLIENT_SITE=konkurs.loc&SERVER_NAME=&CHHB=e-board.loc&CSAB=192.168.107.4&SUID=yew6nqfvuk1kupmhrw03vm6jrimivago&CANGZIP=Y&CLIENT_PHPVER=8.4.21&stable=Y&mbfo=0&NGINX=Y&SMD=N&rerere=Y&bitm_main=26.250.100&bitm_vote=26.100.0&bitm_sale=26.100.0&bitm_ui=26.200.0&bitm_landing=26.300.100&bitm_mobileapp=25.0.100&bitm_form=26.0.0&bitm_perfmon=25.300.0&bitm_calendar=25.170.100&bitm_lists=26.0.0&bitm_highloadblock=25.100.0&bitm_security=26.0.100&bitm_translate=26.0.0&bitm_mail=26.200.100&bitm_location=26.0.0&bitm_learning=25.0.0&bitm_pull=25.300.0&bitm_catalog=25.600.0&bitm_abtest=26.0.0&bitm_socialservices=26.0.0&bitm_sender=26.200.0&bitm_wiki=25.0.0&bitm_bizprocdesigner=26.100.0&bitm_photogallery=25.100.0&bitm_blog=26.400.0&bitm_clouds=25.100.0&bitm_search=25.200.0&bitm_webservice=26.0.0&bitm_iblock=25.300.0&bitm_forum=26.0.100&bitm_subscribe=25.0.0&bitm_idea=25.0.0&bitm_support=26.0.0&bitm_messageservice=26.0.0&bitm_workflow=26.0.0&bitm_conversion=25.0.0&bitm_advertising=24.200.0&bitm_report=26.0.0&bitm_storeassist=24.0.0&bitm_bitrixcloud=25.100.0&bitm_statistic=26.0.0&bitm_seo=25.200.0&bitm_b24connector=25.0.0&bitm_currency=26.0.0&bitm_rest=26.200.100&bitm_fileman=25.200.200&bitm_bizproc=26.550.100&bitl_ru=&bitl_en=&requested_modules=main%2Cmail%2Cbizproc%2Cbizprocdesigner%2Cui%2Clanding%2Clocation&SUPD_SRS=RU&SUPD_CMP=N&SALE_15=Y&LICENSE_SIGNED=%7Enew_license18_0_sign-Y
2026-05-14 21:49:49 -  - exec CUpdateClient::GetHTTPPage
2026-05-14 21:49:51 -  - TIME LoadModulesUpdates(request) 1.581 sec
2026-05-14 21:49:51 -  - exec CUpdateClient::ParseServerData
2026-05-14 21:49:51 - S - STEP
2026-05-14 21:49:51 - LMU01 - LoadModulesUpdates-Step
2026-05-14 21:49:51 -  - exec CUpdateClient::LoadModulesUpdates
2026-05-14 21:49:51 -  - exec CUpdateClient::ParseServerData
2026-05-14 21:49:51 -  - loadFile
2026-05-14 21:49:51 - U - RETURN
2026-05-14 21:49:51 -  - exec CUpdateClient::UnGzipArchive
2026-05-14 21:49:51 -  - TIME UnGzipArchive 0.007 sec
2026-05-14 21:49:51 - CSURUS1 - Run updater '/bitrix/updates/update_m1778784591/bizproc/updater26.550.200.php'
2026-05-14 21:49:51 - CRUPDCF1 - Run updater '/bitrix/updates/update_m1778784591/bizproc/updater26.550.200.php': CopyFiles(install/activities, activities)
2026-05-14 21:49:51 -  - TIME UpdateStepModules 0.032 sec
2026-05-14 21:49:51 - UPD_SUCCESS - Updated: bizproc (26.550.200)<br><li>Изменение индексов таблицы b_bp_messenger_workflow_resume_message. 
2026-05-14 21:49:52 -  - exec CUpdateClient::LoadModulesUpdates
2026-05-14 21:49:52 -  - exec CUpdateClient::CollectRequestData
2026-05-14 21:49:52 -  - LICENSE_KEY=X&lang=ru&SUPD_VER=25.1100.0&VERSION=26.250.100&TYPENC=D&SUPD_STS=1&SUPD_URS=0&SUPD_DBS=MYSQL&XE=N&CLIENT_SITE=konkurs.loc&SERVER_NAME=&CHHB=e-board.loc&CSAB=192.168.107.4&SUID=yew6nqfvuk1kupmhrw03vm6jrimivago&CANGZIP=Y&CLIENT_PHPVER=8.4.21&stable=Y&mbfo=0&NGINX=Y&SMD=N&rerere=Y&bitm_main=26.250.100&bitm_vote=26.100.0&bitm_sale=26.100.0&bitm_ui=26.200.0&bitm_landing=26.300.100&bitm_mobileapp=25.0.100&bitm_form=26.0.0&bitm_perfmon=25.300.0&bitm_calendar=25.170.100&bitm_lists=26.0.0&bitm_highloadblock=25.100.0&bitm_security=26.0.100&bitm_translate=26.0.0&bitm_mail=26.200.100&bitm_location=26.0.0&bitm_learning=25.0.0&bitm_pull=25.300.0&bitm_catalog=25.600.0&bitm_abtest=26.0.0&bitm_socialservices=26.0.0&bitm_sender=26.200.0&bitm_wiki=25.0.0&bitm_bizprocdesigner=26.100.0&bitm_photogallery=25.100.0&bitm_blog=26.400.0&bitm_clouds=25.100.0&bitm_search=25.200.0&bitm_webservice=26.0.0&bitm_iblock=25.300.0&bitm_forum=26.0.100&bitm_subscribe=25.0.0&bitm_idea=25.0.0&bitm_support=26.0.0&bitm_messageservice=26.0.0&bitm_workflow=26.0.0&bitm_conversion=25.0.0&bitm_advertising=24.200.0&bitm_report=26.0.0&bitm_storeassist=24.0.0&bitm_bitrixcloud=25.100.0&bitm_statistic=26.0.0&bitm_seo=25.200.0&bitm_b24connector=25.0.0&bitm_currency=26.0.0&bitm_rest=26.200.100&bitm_fileman=25.200.200&bitm_bizproc=26.550.200&bitl_ru=&bitl_en=&requested_modules=main%2Cmail%2Cbizproc%2Cbizprocdesigner%2Cui%2Clanding%2Clocation&SUPD_SRS=RU&SUPD_CMP=N&SALE_15=Y&LICENSE_SIGNED=%7Enew_license18_0_sign-Y
2026-05-14 21:49:52 -  - exec CUpdateClient::GetHTTPPage
2026-05-14 21:49:53 -  - TIME LoadModulesUpdates(request) 1.596 sec
2026-05-14 21:49:53 -  - exec CUpdateClient::ParseServerData
2026-05-14 21:49:53 - S - STEP
2026-05-14 21:49:53 - LMU01 - LoadModulesUpdates-Step
2026-05-14 21:49:53 -  - exec CUpdateClient::LoadModulesUpdates
2026-05-14 21:49:53 -  - exec CUpdateClient::ParseServerData
2026-05-14 21:49:53 -  - loadFile
2026-05-14 21:49:54 - U - RETURN
2026-05-14 21:49:54 -  - exec CUpdateClient::UnGzipArchive
2026-05-14 21:49:54 -  - TIME UnGzipArchive 0.011 sec
2026-05-14 21:49:54 - CSURUS1 - Run updater '/bitrix/updates/update_m1778784594/bizproc/updater26.550.300.php'
2026-05-14 21:49:54 -  - TIME UpdateStepModules 0.009 sec
2026-05-14 21:49:54 - UPD_SUCCESS - Updated: bizproc (26.550.300)<br><li>Разработчикам: исправлена ошибка создания таблицы b_bp_messenger_workflow_resume_message. 
2026-05-14 21:49:54 -  - exec CUpdateClient::LoadModulesUpdates
2026-05-14 21:49:54 -  - exec CUpdateClient::CollectRequestData
2026-05-14 21:49:54 -  - LICENSE_KEY=X&lang=ru&SUPD_VER=25.1100.0&VERSION=26.250.100&TYPENC=D&SUPD_STS=1&SUPD_URS=0&SUPD_DBS=MYSQL&XE=N&CLIENT_SITE=konkurs.loc&SERVER_NAME=&CHHB=e-board.loc&CSAB=192.168.107.4&SUID=yew6nqfvuk1kupmhrw03vm6jrimivago&CANGZIP=Y&CLIENT_PHPVER=8.4.21&stable=Y&mbfo=0&NGINX=Y&SMD=N&rerere=Y&bitm_main=26.250.100&bitm_vote=26.100.0&bitm_sale=26.100.0&bitm_ui=26.200.0&bitm_landing=26.300.100&bitm_mobileapp=25.0.100&bitm_form=26.0.0&bitm_perfmon=25.300.0&bitm_calendar=25.170.100&bitm_lists=26.0.0&bitm_highloadblock=25.100.0&bitm_security=26.0.100&bitm_translate=26.0.0&bitm_mail=26.200.100&bitm_location=26.0.0&bitm_learning=25.0.0&bitm_pull=25.300.0&bitm_catalog=25.600.0&bitm_abtest=26.0.0&bitm_socialservices=26.0.0&bitm_sender=26.200.0&bitm_wiki=25.0.0&bitm_bizprocdesigner=26.100.0&bitm_photogallery=25.100.0&bitm_blog=26.400.0&bitm_clouds=25.100.0&bitm_search=25.200.0&bitm_webservice=26.0.0&bitm_iblock=25.300.0&bitm_forum=26.0.100&bitm_subscribe=25.0.0&bitm_idea=25.0.0&bitm_support=26.0.0&bitm_messageservice=26.0.0&bitm_workflow=26.0.0&bitm_conversion=25.0.0&bitm_advertising=24.200.0&bitm_report=26.0.0&bitm_storeassist=24.0.0&bitm_bitrixcloud=25.100.0&bitm_statistic=26.0.0&bitm_seo=25.200.0&bitm_b24connector=25.0.0&bitm_currency=26.0.0&bitm_rest=26.200.100&bitm_fileman=25.200.200&bitm_bizproc=26.550.300&bitl_ru=&bitl_en=&requested_modules=main%2Cmail%2Cbizproc%2Cbizprocdesigner%2Cui%2Clanding%2Clocation&SUPD_SRS=RU&SUPD_CMP=N&SALE_15=Y&LICENSE_SIGNED=%7Enew_license18_0_sign-Y
2026-05-14 21:49:54 -  - exec CUpdateClient::GetHTTPPage
2026-05-14 21:49:56 -  - TIME LoadModulesUpdates(request) 1.582 sec
2026-05-14 21:49:56 -  - exec CUpdateClient::ParseServerData
2026-05-14 21:49:56 - S - STEP
2026-05-14 21:49:56 - LMU01 - LoadModulesUpdates-Step
2026-05-14 21:49:56 -  - exec CUpdateClient::LoadModulesUpdates
2026-05-14 21:49:56 -  - exec CUpdateClient::ParseServerData
2026-05-14 21:49:56 -  - loadFile
2026-05-14 21:49:57 - U - RETURN
2026-05-14 21:49:57 -  - exec CUpdateClient::UnGzipArchive
2026-05-14 21:49:57 -  - TIME UnGzipArchive 0.002 sec
2026-05-14 21:49:57 -  - TIME UpdateStepModules 0.002 sec
2026-05-14 21:49:57 - UPD_SUCCESS - Updated: ui (26.200.100)<br><li>Незначительные изменения. 
2026-05-14 21:49:57 -  - exec CUpdateClient::LoadModulesUpdates
2026-05-14 21:49:57 -  - exec CUpdateClient::CollectRequestData
2026-05-14 21:49:57 -  - LICENSE_KEY=X&lang=ru&SUPD_VER=25.1100.0&VERSION=26.250.100&TYPENC=D&SUPD_STS=1&SUPD_URS=0&SUPD_DBS=MYSQL&XE=N&CLIENT_SITE=konkurs.loc&SERVER_NAME=&CHHB=e-board.loc&CSAB=192.168.107.4&SUID=yew6nqfvuk1kupmhrw03vm6jrimivago&CANGZIP=Y&CLIENT_PHPVER=8.4.21&stable=Y&mbfo=0&NGINX=Y&SMD=N&rerere=Y&bitm_main=26.250.100&bitm_vote=26.100.0&bitm_sale=26.100.0&bitm_ui=26.200.100&bitm_landing=26.300.100&bitm_mobileapp=25.0.100&bitm_form=26.0.0&bitm_perfmon=25.300.0&bitm_calendar=25.170.100&bitm_lists=26.0.0&bitm_highloadblock=25.100.0&bitm_security=26.0.100&bitm_translate=26.0.0&bitm_mail=26.200.100&bitm_location=26.0.0&bitm_learning=25.0.0&bitm_pull=25.300.0&bitm_catalog=25.600.0&bitm_abtest=26.0.0&bitm_socialservices=26.0.0&bitm_sender=26.200.0&bitm_wiki=25.0.0&bitm_bizprocdesigner=26.100.0&bitm_photogallery=25.100.0&bitm_blog=26.400.0&bitm_clouds=25.100.0&bitm_search=25.200.0&bitm_webservice=26.0.0&bitm_iblock=25.300.0&bitm_forum=26.0.100&bitm_subscribe=25.0.0&bitm_idea=25.0.0&bitm_support=26.0.0&bitm_messageservice=26.0.0&bitm_workflow=26.0.0&bitm_conversion=25.0.0&bitm_advertising=24.200.0&bitm_report=26.0.0&bitm_storeassist=24.0.0&bitm_bitrixcloud=25.100.0&bitm_statistic=26.0.0&bitm_seo=25.200.0&bitm_b24connector=25.0.0&bitm_currency=26.0.0&bitm_rest=26.200.100&bitm_fileman=25.200.200&bitm_bizproc=26.550.300&bitl_ru=&bitl_en=&requested_modules=main%2Cmail%2Cbizproc%2Cbizprocdesigner%2Cui%2Clanding%2Clocation&SUPD_SRS=RU&SUPD_CMP=N&SALE_15=Y&LICENSE_SIGNED=%7Enew_license18_0_sign-Y
2026-05-14 21:49:57 -  - exec CUpdateClient::GetHTTPPage
2026-05-14 21:49:58 -  - TIME LoadModulesUpdates(request) 1.604 sec
2026-05-14 21:49:58 -  - exec CUpdateClient::ParseServerData
2026-05-14 21:49:58 - S - STEP
2026-05-14 21:49:58 - LMU01 - LoadModulesUpdates-Step
2026-05-14 21:49:58 -  - exec CUpdateClient::LoadModulesUpdates
2026-05-14 21:49:58 -  - exec CUpdateClient::ParseServerData
2026-05-14 21:49:58 -  - loadFile
2026-05-14 21:49:59 - U - RETURN
2026-05-14 21:49:59 -  - exec CUpdateClient::UnGzipArchive
2026-05-14 21:49:59 -  - TIME UnGzipArchive 0.007 sec
2026-05-14 21:49:59 -  - TIME UpdateStepModules 0.007 sec
2026-05-14 21:49:59 - UPD_SUCCESS - Updated: ui (26.200.200)<br><li>Незначительные изменения. 
2026-05-14 21:49:59 -  - exec CUpdateClient::LoadModulesUpdates
2026-05-14 21:49:59 -  - exec CUpdateClient::CollectRequestData
2026-05-14 21:49:59 -  - LICENSE_KEY=X&lang=ru&SUPD_VER=25.1100.0&VERSION=26.250.100&TYPENC=D&SUPD_STS=1&SUPD_URS=0&SUPD_DBS=MYSQL&XE=N&CLIENT_SITE=konkurs.loc&SERVER_NAME=&CHHB=e-board.loc&CSAB=192.168.107.4&SUID=yew6nqfvuk1kupmhrw03vm6jrimivago&CANGZIP=Y&CLIENT_PHPVER=8.4.21&stable=Y&mbfo=0&NGINX=Y&SMD=N&rerere=Y&bitm_main=26.250.100&bitm_vote=26.100.0&bitm_sale=26.100.0&bitm_ui=26.200.200&bitm_landing=26.300.100&bitm_mobileapp=25.0.100&bitm_form=26.0.0&bitm_perfmon=25.300.0&bitm_calendar=25.170.100&bitm_lists=26.0.0&bitm_highloadblock=25.100.0&bitm_security=26.0.100&bitm_translate=26.0.0&bitm_mail=26.200.100&bitm_location=26.0.0&bitm_learning=25.0.0&bitm_pull=25.300.0&bitm_catalog=25.600.0&bitm_abtest=26.0.0&bitm_socialservices=26.0.0&bitm_sender=26.200.0&bitm_wiki=25.0.0&bitm_bizprocdesigner=26.100.0&bitm_photogallery=25.100.0&bitm_blog=26.400.0&bitm_clouds=25.100.0&bitm_search=25.200.0&bitm_webservice=26.0.0&bitm_iblock=25.300.0&bitm_forum=26.0.100&bitm_subscribe=25.0.0&bitm_idea=25.0.0&bitm_support=26.0.0&bitm_messageservice=26.0.0&bitm_workflow=26.0.0&bitm_conversion=25.0.0&bitm_advertising=24.200.0&bitm_report=26.0.0&bitm_storeassist=24.0.0&bitm_bitrixcloud=25.100.0&bitm_statistic=26.0.0&bitm_seo=25.200.0&bitm_b24connector=25.0.0&bitm_currency=26.0.0&bitm_rest=26.200.100&bitm_fileman=25.200.200&bitm_bizproc=26.550.300&bitl_ru=&bitl_en=&requested_modules=main%2Cmail%2Cbizproc%2Cbizprocdesigner%2Cui%2Clanding%2Clocation&SUPD_SRS=RU&SUPD_CMP=N&SALE_15=Y&LICENSE_SIGNED=%7Enew_license18_0_sign-Y
2026-05-14 21:49:59 -  - exec CUpdateClient::GetHTTPPage
2026-05-14 21:50:01 -  - TIME LoadModulesUpdates(request) 1.492 sec
2026-05-14 21:50:01 -  - exec CUpdateClient::ParseServerData
2026-05-14 21:50:01 - STEP - Finish - NOUPDATES
2026-05-14 21:50:01 - STEP - Finish - NOUPDATES
